episode,reward,shortage,wastage,epsilon
1,-1415.2500000000005,1415.2500000000005,0.0,0.99
2,-1457.8125000000002,1457.8125000000002,0.0,0.9801
3,-1482.6490959480802,1482.6490959480802,0.0,0.9702989999999999
4,-1533.4923157868554,1533.4923157868554,0.0,0.96059601
5,-1422.1367887899646,1422.1367887899646,0.0,0.9509900498999999
6,-1360.5078125,1360.5078125,0.0,0.9414801494009999
7,-1453.9999999999995,1453.9999999999995,0.0,0.9320653479069899
8,-1361.644955105252,1361.644955105252,0.0,0.92274469442792
9,-1446.11713218689,1446.11713218689,0.0,0.9135172474836407
10,-1514.0187072753909,1514.0187072753909,0.0,0.9043820750088043
11,-1363.7986111111115,1363.7986111111115,0.0,0.8953382542587163
12,-1487.0000000000005,1487.0000000000005,0.0,0.8863848717161291
13,-1469.1053513420948,1469.1053513420948,0.0,0.8775210229989678
14,-1255.6805555555557,1255.6805555555557,0.0,0.8687458127689781
15,-1410.7063786527194,1409.7063786527194,1.0,0.8600583546412883
16,-1279.6961805555559,1279.6961805555559,0.0,0.8514577710948754
17,-1539.248779296874,1539.248779296874,0.0,0.8429431933839266
18,-1532.5286458333333,1532.5286458333333,0.0,0.8345137614500874
19,-1360.225569407145,1360.225569407145,0.0,0.8261686238355865
20,-1415.326900588142,1409.326900588142,6.0,0.8179069375972307
21,-1212.1386718750002,1210.1386718750002,2.0,0.8097278682212583
22,-1180.5027357737226,1180.5027357737226,0.0,0.8016305895390458
23,-1389.3203168901396,1389.3203168901396,0.0,0.7936142836436553
24,-1549.3702799479167,1549.3702799479167,0.0,0.7856781408072188
25,-1512.3518993085318,1512.3518993085318,0.0,0.7778213593991465
26,-1273.8722635904949,1273.8722635904949,0.0,0.7700431458051551
27,-1269.7494504500805,1269.7494504500805,0.0,0.7623427143471035
28,-1430.0000000000005,1430.0000000000005,0.0,0.7547192872036325
29,-1518.5716145833326,1518.5716145833326,0.0,0.7471720943315961
30,-1475.470703125,1475.470703125,0.0,0.7397003733882802
31,-1452.0000000000005,1452.0000000000005,0.0,0.7323033696543974
32,-1345.5449666976929,1345.5449666976929,0.0,0.7249803359578534
33,-1461.6249999999993,1461.6249999999993,0.0,0.7177305325982748
34,-1508.9999999999995,1508.9999999999995,0.0,0.7105532272722921
35,-1439.9845217682741,1439.9845217682741,0.0,0.7034476949995692
36,-1312.8953030091259,1307.8953030091259,5.0,0.6964132180495735
37,-1370.5000000000002,1370.5000000000002,0.0,0.6894490858690777
38,-1526.6116265190976,1526.6116265190976,0.0,0.682554595010387
39,-1602.1005086736914,1593.1005086736914,9.0,0.6757290490602831
40,-1464.0555555555559,1464.0555555555559,0.0,0.6689717585696803
41,-1183.4375,1183.4375,0.0,0.6622820409839835
42,-1472.1874999999998,1472.1874999999998,0.0,0.6556592205741436
43,-1346.4498291015627,1346.4498291015627,0.0,0.6491026283684022
44,-1324.9984266493057,1324.9984266493057,0.0,0.6426116020847181
45,-1237.0807291666663,1237.0807291666663,0.0,0.6361854860638709
46,-1555.146372477213,1555.146372477213,0.0,0.6298236312032323
47,-1468.9999999999998,1468.9999999999998,0.0,0.6235253948912
48,-1557.6811514960398,1557.6811514960398,0.0,0.617290140942288
49,-1304.3431956635584,1304.3431956635584,0.0,0.6111172395328651
50,-1390.72887963817,1390.72887963817,0.0,0.6050060671375365
51,-1507.0,1507.0,0.0,0.5989560064661611
52,-1482.316813151041,1482.316813151041,0.0,0.5929664464014994
53,-1459.375,1459.375,0.0,0.5870367819374844
54,-1500.3622379571623,1500.3622379571623,0.0,0.5811664141181095
55,-1560.8333333333335,1559.8333333333335,1.0,0.5753547499769285
56,-1385.0,1382.0,3.0,0.5696012024771592
57,-1510.2974781067783,1510.2974781067783,0.0,0.5639051904523876
58,-1142.7985079002317,1142.7985079002317,0.0,0.5582661385478638
59,-1480.3666381835935,1480.3666381835935,0.0,0.5526834771623851
60,-1397.2777777777778,1393.2777777777778,4.0,0.5471566423907612
61,-1366.0000000000002,1366.0000000000002,0.0,0.5416850759668536
62,-1369.2941894531248,1369.2941894531248,0.0,0.536268225207185
63,-1499.4371122997757,1499.4371122997757,0.0,0.5309055429551132
64,-1397.429168073238,1397.429168073238,0.0,0.525596487525562
65,-1309.2378811836245,1306.2378811836245,3.0,0.5203405226503064
66,-1321.5559895833335,1321.5559895833335,0.0,0.5151371174238033
67,-1356.5302734374998,1356.5302734374998,0.0,0.5099857462495653
68,-1330.875,1324.875,6.0,0.5048858887870696
69,-1478.6666666666672,1478.6666666666672,0.0,0.4998370298991989
70,-1517.9999999999998,1517.9999999999998,0.0,0.49483865960020695
71,-1569.0000000000002,1569.0000000000002,0.0,0.4898902730042049
72,-1321.9651571726445,1321.9651571726445,0.0,0.48499137027416284
73,-1709.11865234375,1709.11865234375,0.0,0.4801414565714212
74,-1341.0000000000002,1341.0000000000002,0.0,0.475340042005707
75,-1372.0000000000002,1371.0000000000002,1.0,0.47058664158564995
76,-1464.0490570068364,1464.0490570068364,0.0,0.4658807751697934
77,-1491.0894663304464,1491.0894663304464,0.0,0.4612219674180955
78,-1501.4347839355464,1501.4347839355464,0.0,0.45660974774391455
79,-1584.21875,1584.21875,0.0,0.4520436502664754
80,-1345.6729039774536,1345.6729039774536,0.0,0.44752321376381066
81,-1307.14453125,1307.14453125,0.0,0.44304798162617254
82,-1510.9242293746388,1507.9242293746388,3.0,0.4386175018099108
83,-1460.8750000000002,1460.8750000000002,0.0,0.4342313267918117
84,-1408.3046905069411,1408.3046905069411,0.0,0.4298890135238936
85,-1459.435112847222,1459.435112847222,0.0,0.42559012338865465
86,-1392.3515625,1392.3515625,0.0,0.4213342221547681
87,-1349.8653462727866,1347.8653462727866,2.0,0.41712087993322045
88,-1427.333648122027,1427.333648122027,0.0,0.41294967113388825
89,-1233.1539855033366,1233.1539855033366,0.0,0.40882017442254937
90,-1481.7500000000002,1481.7500000000002,0.0,0.4047319726783239
91,-1380.0,1373.0,7.0,0.40068465295154065
92,-1438.7499999999995,1437.7499999999995,1.0,0.39667780642202527
93,-1617.0,1617.0,0.0,0.392711028357805
94,-1586.264663437266,1586.264663437266,0.0,0.38878391807422696
95,-1596.7578125000005,1596.7578125000005,0.0,0.3848960788934847
96,-1620.0000000000002,1620.0000000000002,0.0,0.38104711810454983
97,-1558.5722656249995,1558.5722656249995,0.0,0.37723664692350434
98,-1500.184076003086,1500.184076003086,0.0,0.37346428045426927
99,-1358.3468669255574,1358.3468669255574,0.0,0.36972963764972655
100,-1624.2836100260417,1624.2836100260417,0.0,0.36603234127322926
101,-1419.8409612708622,1419.8409612708622,0.0,0.36237201786049694
102,-1403.012443844196,1403.012443844196,0.0,0.358748297681892
103,-1380.125,1380.125,0.0,0.35516081470507305
104,-1416.1629028320312,1416.1629028320312,0.0,0.3516092065580223
105,-1512.4356587727864,1512.4356587727864,0.0,0.34809311449244207
106,-1516.0000000000002,1516.0000000000002,0.0,0.34461218334751764
107,-1394.699488798777,1394.699488798777,0.0,0.34116606151404244
108,-1484.9270833333335,1484.9270833333335,0.0,0.337754400898902
109,-1467.7224598637333,1467.7224598637333,0.0,0.334376856889913
110,-1304.3393012152771,1304.3393012152771,0.0,0.33103308832101386
111,-1676.3040737509727,1676.3040737509727,0.0,0.3277227574378037
112,-1505.9687500000002,1505.9687500000002,0.0,0.3244455298634257
113,-1480.8125,1480.8125,0.0,0.3212010745647914
114,-1314.5159143518517,1314.5159143518517,0.0,0.3179890638191435
115,-1453.8829169881687,1453.8829169881687,0.0,0.31480917318095203
116,-1483.8137007819282,1483.8137007819282,0.0,0.3116610814491425
117,-1334.1478871191393,1334.1478871191393,0.0,0.30854447063465107
118,-1377.5,1377.5,0.0,0.30545902592830454
119,-1521.4999999999993,1521.4999999999993,0.0,0.3024044356690215
120,-1573.0678441789412,1573.0678441789412,0.0,0.29938039131233124
121,-1299.5000000000002,1299.5000000000002,0.0,0.2963865873992079
122,-1307.0,1307.0,0.0,0.29342272152521587
123,-1255.9529171093009,1255.9529171093009,0.0,0.2904884943099637
124,-1347.410083912037,1347.410083912037,0.0,0.28758360936686406
125,-1346.6719967135462,1346.6719967135462,0.0,0.2847077732731954
126,-1425.643229166667,1425.643229166667,0.0,0.28186069554046345
127,-1580.0000000000002,1580.0000000000002,0.0,0.2790420885850588
128,-1341.3333333333333,1341.3333333333333,0.0,0.2762516676992082
129,-1500.7244888117286,1500.7244888117286,0.0,0.27348915102221616
130,-1406.3750000000002,1406.3750000000002,0.0,0.270754259511994
131,-1431.4218749999998,1431.4218749999998,0.0,0.26804671691687404
132,-1539.0000000000002,1539.0000000000002,0.0,0.2653662497477053
133,-1422.2413376172385,1422.2413376172385,0.0,0.2627125872502282
134,-1437.4570312499998,1437.4570312499998,0.0,0.2600854613777259
135,-1504.245391156938,1504.245391156938,0.0,0.2574846067639487
136,-1618.7500000000005,1615.7500000000005,3.0,0.2549097606963092
137,-1664.0000000000002,1664.0000000000002,0.0,0.2523606630893461
138,-1484.2187499999995,1484.2187499999995,0.0,0.24983705645845267
139,-1618.2015092637805,1618.2015092637805,0.0,0.24733868589386815
140,-1525.7499999999998,1525.7499999999998,0.0,0.24486529903492946
141,-1396.1875000000002,1396.1875000000002,0.0,0.24241664604458016
142,-1553.7941487630214,1553.7941487630214,0.0,0.23999247958413436
143,-1373.6949157714846,1373.6949157714846,0.0,0.23759255478829303
144,-1536.514068114137,1536.514068114137,0.0,0.2352166292404101
145,-1443.11643825637,1443.11643825637,0.0,0.232864462948006
146,-1418.0000000000005,1418.0000000000005,0.0,0.23053581831852593
147,-1195.8402777777778,1195.8402777777778,0.0,0.22823046013534068
148,-1528.8749999999998,1528.8749999999998,0.0,0.22594815553398728
149,-1606.2854817708333,1606.2854817708333,0.0,0.22368867397864742
150,-1400.0,1400.0,0.0,0.22145178723886094
151,-1494.2576678240735,1494.2576678240735,0.0,0.21923726936647234
152,-1300.8919605013302,1300.8919605013302,0.0,0.2170448966728076
153,-1348.9296875000005,1348.9296875000005,0.0,0.21487444770607952
154,-1345.386024142425,1339.386024142425,6.0,0.21272570322901874
155,-1416.4341445479645,1416.4341445479645,0.0,0.21059844619672854
156,-1303.28369140625,1303.28369140625,0.0,0.20849246173476127
157,-1466.8335088061322,1466.8335088061322,0.0,0.20640753711741366
158,-1349.6560761816106,1349.6560761816106,0.0,0.20434346174623952
159,-1368.9166666666667,1368.9166666666667,0.0,0.20230002712877712
160,-1400.4999999999995,1400.4999999999995,0.0,0.20027702685748935
161,-1387.333333333333,1387.333333333333,0.0,0.19827425658891445
162,-1480.2864583333335,1480.2864583333335,0.0,0.1962915140230253
163,-1470.0817150485152,1470.0817150485152,0.0,0.19432859888279505
164,-1310.6211208619545,1310.6211208619545,0.0,0.1923853128939671
165,-1429.34375,1429.34375,0.0,0.19046145976502743
166,-1478.1041666666665,1478.1041666666665,0.0,0.18855684516737714
167,-1373.0,1373.0,0.0,0.18667127671570335
168,-1441.8272885018384,1441.8272885018384,0.0,0.18480456394854633
169,-1243.4335937499998,1243.4335937499998,0.0,0.18295651830906087
170,-1402.450044825121,1400.450044825121,2.0,0.18112695312597027
171,-1552.0000000000005,1552.0000000000005,0.0,0.17931568359471056
172,-1415.8671874999995,1406.8671874999998,9.0,0.17752252675876345
173,-1356.8072916666667,1356.8072916666667,0.0,0.17574730149117582
174,-1355.367513020833,1355.367513020833,0.0,0.17398982847626407
175,-1711.4468180338533,1711.4468180338533,0.0,0.17224993019150142
176,-1586.1041666666667,1586.1041666666667,0.0,0.1705274308895864
177,-1334.5288358461694,1334.5288358461694,0.0,0.16882215658069055
178,-1431.1339934921516,1431.1339934921516,0.0,0.16713393501488363
179,-1534.0117933485249,1534.0117933485249,0.0,0.16546259566473479
180,-1324.7706886574078,1323.7706886574078,1.0,0.16380796970808745
181,-1631.122018319589,1631.122018319589,0.0,0.16216989001100657
182,-1257.6718749999998,1257.6718749999998,0.0,0.1605481911108965
183,-1609.5312500000002,1609.5312500000002,0.0,0.15894270919978754
184,-1540.3129442003037,1540.3129442003037,0.0,0.15735328210778965
185,-1404.0486111111115,1404.0486111111115,0.0,0.15577974928671176
186,-1283.8888075086804,1283.8888075086804,0.0,0.15422195179384465
187,-1563.302118230749,1563.302118230749,0.0,0.1526797322759062
188,-1481.925200858896,1481.925200858896,0.0,0.15115293495314713
189,-1405.2204869588215,1405.2204869588215,0.0,0.14964140560361566
190,-1333.9656772707347,1333.9656772707347,0.0,0.1481449915475795
191,-1340.9114583333328,1340.9114583333328,0.0,0.1466635416321037
192,-1306.2701822916663,1306.2701822916663,0.0,0.14519690621578268
193,-1526.0671296296296,1526.0671296296296,0.0,0.14374493715362485
194,-1381.9064127604163,1381.9064127604163,0.0,0.1423074877820886
195,-1505.7175833148722,1505.7175833148722,0.0,0.1408844129042677
196,-1512.3157793209878,1512.3157793209878,0.0,0.13947556877522502
197,-1582.9999999999995,1582.9999999999995,0.0,0.13808081308747278
198,-1292.0,1292.0,0.0,0.13670000495659804
199,-1412.006944444444,1412.006944444444,0.0,0.13533300490703207
200,-1496.9110082304521,1493.9110082304521,3.0,0.13397967485796175
201,-1414.9999999999998,1414.9999999999998,0.0,0.13263987810938213
202,-1608.7656249999995,1608.7656249999995,0.0,0.1313134793282883
203,-1427.21875,1427.21875,0.0,0.13000034453500542
204,-1533.2228637859655,1525.2228637859655,8.0,0.12870034108965536
205,-1582.4473377863565,1582.4473377863565,0.0,0.12741333767875881
206,-1473.57080078125,1473.57080078125,0.0,0.12613920430197123
207,-1453.4500024112654,1453.4500024112654,0.0,0.12487781225895152
208,-1556.70085523857,1556.70085523857,0.0,0.123629034136362
209,-1184.9224173426628,1184.9224173426628,0.0,0.12239274379499838
210,-1296.0000000000005,1296.0000000000005,0.0,0.1211688163570484
211,-1397.370938618977,1393.370938618977,4.0,0.11995712819347792
212,-1479.9898610514974,1479.9898610514974,0.0,0.11875755691154315
213,-1422.7317708333333,1422.7317708333333,0.0,0.11756998134242772
214,-1239.5859374999995,1239.5859374999995,0.0,0.11639428152900344
215,-1394.0876508557787,1394.0876508557787,0.0,0.11523033871371341
216,-1454.0,1454.0,0.0,0.11407803532657627
217,-1495.40625,1495.40625,0.0,0.11293725497331052
218,-1426.0690104166667,1426.0690104166667,0.0,0.1118078824235774
219,-1261.2500000000002,1261.2500000000002,0.0,0.11068980359934164
220,-1551.0000000000002,1551.0000000000002,0.0,0.10958290556334822
221,-1405.25,1405.25,0.0,0.10848707650771475
222,-1345.5,1345.5,0.0,0.1074022057426376
223,-1406.5743408203127,1406.5743408203127,0.0,0.10632818368521123
224,-1363.429887559679,1363.429887559679,0.0,0.10526490184835911
225,-1330.4409722222217,1330.4409722222217,0.0,0.10421225282987552
226,-1300.9524375056299,1300.9524375056299,0.0,0.10317013030157676
227,-1540.1500651041665,1540.1500651041665,0.0,0.10213842899856099
228,-1506.4212601273146,1506.4212601273146,0.0,0.10111704470857538
229,-1302.662572918278,1302.662572918278,0.0,0.10010587426148963
230,-1390.9288864135747,1390.9288864135747,0.0,0.09910481551887473
231,-1264.2432613372798,1264.2432613372798,0.0,0.09811376736368599
232,-1526.1465115017365,1526.1465115017365,0.0,0.09713262969004913
233,-1378.6953125,1378.6953125,0.0,0.09616130339314863
234,-1404.0,1404.0,0.0,0.09519969035921715
235,-1467.0,1467.0,0.0,0.09424769345562498
236,-1427.4375000000007,1427.4375000000007,0.0,0.09330521652106873
237,-1506.9999999999995,1506.9999999999995,0.0,0.09237216435585804
238,-1335.268608940972,1335.268608940972,0.0,0.09144844271229946
239,-1474.5290491381286,1474.5290491381286,0.0,0.09053395828517646
240,-1286.4192708333333,1275.4192708333337,11.0,0.08962861870232469
241,-1373.5477362738716,1373.5477362738716,0.0,0.08873233251530144
242,-1408.0847800925924,1408.0847800925924,0.0,0.08784500919014843
243,-1669.854166666667,1669.854166666667,0.0,0.08696655909824694
244,-1463.3125,1463.3125,0.0,0.08609689350726446
245,-1565.036653836568,1565.036653836568,0.0,0.08523592457219181
246,-1409.577356431536,1409.577356431536,0.0,0.0843835653264699
247,-1308.8015861040278,1308.8015861040278,0.0,0.0835397296732052
248,-1451.6739914863508,1451.6739914863508,0.0,0.08270433237647315
249,-1468.25,1468.25,0.0,0.08187728905270841
250,-1496.8186984592012,1496.8186984592012,0.0,0.08105851616218133
251,-1268.9425671431754,1267.9425671431754,1.0,0.08024793100055952
252,-1515.3217954282406,1515.3217954282406,0.0,0.07944545169055392
253,-1359.8935185185176,1357.8935185185176,2.0,0.07865099717364837
254,-1516.0000000000002,1516.0000000000002,0.0,0.07786448720191189
255,-1463.1484374999998,1463.1484374999998,0.0,0.07708584232989277
256,-1448.2775878906252,1448.2775878906252,0.0,0.07631498390659384
257,-1438.4442510958072,1432.4442510958072,6.0,0.07555183406752791
258,-1368.9870741102436,1368.9870741102436,0.0,0.07479631572685264
259,-1471.0000000000005,1471.0000000000005,0.0,0.07404835256958411
260,-1496.0000000000002,1496.0000000000002,0.0,0.07330786904388827
261,-1557.2224934895835,1555.2224934895835,2.0,0.07257479035344938
262,-1575.3750000000002,1575.3750000000002,0.0,0.07184904244991488
263,-1583.2810363455562,1580.2810363455562,3.0,0.07113055202541574
264,-1681.3367919921873,1681.3367919921873,0.0,0.07041924650516158
265,-1213.8734809027774,1213.8734809027774,0.0,0.06971505404010997
266,-1480.6666666666667,1480.6666666666667,0.0,0.06901790349970886
267,-1424.8165034541378,1424.8165034541378,0.0,0.06832772446471178
268,-1401.0416666666665,1401.0416666666665,0.0,0.06764444722006466
269,-1337.4374999999998,1337.4374999999998,0.0,0.066968002747864
270,-1567.37109375,1567.37109375,0.0,0.06629832272038537
271,-1509.5000000000002,1509.5000000000002,0.0,0.06563533949318151
272,-1298.9999999999998,1298.9999999999998,0.0,0.06497898609824969
273,-1557.7343750000005,1557.7343750000005,0.0,0.0643291962372672
274,-1604.0000000000002,1604.0000000000002,0.0,0.06368590427489453
275,-1452.4140625,1452.4140625,0.0,0.06304904523214558
276,-1461.0625904224542,1461.0625904224542,0.0,0.06241855477982412
277,-1634.0625,1634.0625,0.0,0.06179436923202588
278,-1332.1533203125,1332.1533203125,0.0,0.06117642553970562
279,-1453.0000000000005,1453.0000000000005,0.0,0.06056466128430856
280,-1406.208984375,1406.208984375,0.0,0.05995901467146548
281,-1365.4938122828803,1365.4938122828803,0.0,0.05935942452475082
282,-1332.2934502495655,1332.2934502495655,0.0,0.058765830279503314
283,-1462.1400770345629,1462.1400770345629,0.0,0.05817817197670828
284,-1500.0000000000002,1500.0000000000002,0.0,0.057596390256941195
285,-1217.3185763888894,1217.3185763888894,0.0,0.05702042635437178
286,-1423.6488715277776,1423.6488715277776,0.0,0.05645022209082806
287,-1409.5000000000005,1409.5000000000005,0.0,0.05588571986991978
288,-1422.4062499999998,1422.4062499999998,0.0,0.055326862671220584
289,-1484.8541666666665,1484.8541666666665,0.0,0.05477359404450838
290,-1487.9687499999995,1487.9687499999995,0.0,0.054225858104063294
291,-1568.2802322378589,1568.2802322378589,0.0,0.05368359952302266
292,-1420.0000000000005,1420.0000000000005,0.0,0.053146763527792434
293,-1473.249999999999,1473.249999999999,0.0,0.052615295892514506
294,-1445.9999999999998,1445.9999999999998,0.0,0.052089142933589364
295,-1415.600874154052,1415.600874154052,0.0,0.05156825150425347
296,-1444.5076254804926,1444.5076254804926,0.0,0.051052568989210935
297,-1515.6250000000007,1515.6250000000007,0.0,0.05054204329931883
298,-1361.7343750000002,1361.7343750000002,0.0,0.05003662286632564
299,-1340.9999999999998,1340.9999999999998,0.0,0.04953625663766238
300,-1401.4317895523188,1401.4317895523188,0.0,0.04904089407128576
301,-1322.1046044620473,1322.1046044620473,0.0,0.0485504851305729
302,-1366.9687500000002,1366.9687500000002,0.0,0.048064980279267165
303,-1555.9166666666674,1555.9166666666674,0.0,0.04758433047647449
304,-1579.0,1579.0,0.0,0.04710848717170975
305,-1490.75,1490.75,0.0,0.04663740229999265
306,-1378.9462890624998,1378.9462890624998,0.0,0.04617102827699272
307,-1475.25,1475.25,0.0,0.045709317994222794
308,-1491.328857292465,1491.328857292465,0.0,0.04525222481428057
309,-1501.1214516187706,1501.1214516187706,0.0,0.04479970256613776
310,-1388.6114546365022,1388.6114546365022,0.0,0.04435170554047638
311,-1343.9999999999998,1343.9999999999998,0.0,0.043908188485071616
312,-1475.1180555555557,1475.1180555555557,0.0,0.0434691066002209
313,-1330.5,1330.5,0.0,0.04303441553421869
314,-1211.75,1211.75,0.0,0.0426040713788765
315,-1256.4999999999998,1255.4999999999998,1.0,0.04217803066508773
316,-1351.5859375,1351.5859375,0.0,0.04175625035843686
317,-1255.0000000000002,1255.0000000000002,0.0,0.041338687854852486
318,-1363.4999999999998,1363.4999999999998,0.0,0.04092530097630396
319,-1526.25,1520.25,6.0,0.040516047966540916
320,-1547.0000000000007,1547.0000000000007,0.0,0.04011088748687551
321,-1487.4999999999998,1487.4999999999998,0.0,0.03970977861200675
322,-1467.0741119384763,1467.0741119384763,0.0,0.03931268082588668
323,-1600.3749999999998,1600.3749999999998,0.0,0.03891955401762781
324,-1356.313566984953,1356.313566984953,0.0,0.03853035847745153
325,-1490.5980798122164,1490.5980798122164,0.0,0.03814505489267701
326,-1297.7089120370374,1297.7089120370374,0.0,0.03776360434375024
327,-1382.9999999999998,1382.9999999999998,0.0,0.03738596830031274
328,-1502.7500000000002,1502.7500000000002,0.0,0.03701210861730961
329,-1524.331629753113,1524.331629753113,0.0,0.03664198753113651
330,-1489.6831054687493,1489.6831054687493,0.0,0.036275567655825146
331,-1383.9999999999998,1383.9999999999998,0.0,0.03591281197926689
332,-1336.2400845067018,1336.2400845067018,0.0,0.035553683859474224
333,-1516.293619791667,1516.293619791667,0.0,0.03519814702087948
334,-1313.689814814815,1313.689814814815,0.0,0.03484616555067068
335,-1471.8482666015625,1471.8482666015625,0.0,0.034497703895163975
336,-1483.9270833333333,1483.9270833333333,0.0,0.03415272685621234
337,-1348.9999999999998,1348.9999999999998,0.0,0.03381119958765021
338,-1568.1568008234472,1568.1568008234472,0.0,0.03347308759177371
339,-1609.0,1609.0,0.0,0.03313835671585597
340,-1393.8102532252913,1393.8102532252913,0.0,0.03280697314869741
341,-1422.5000000000002,1422.5000000000002,0.0,0.032478903417210436
342,-1493.2550913492842,1492.2550913492842,1.0,0.032154114383038335
343,-1447.0171051025395,1447.0171051025395,0.0,0.03183257323920795
344,-1484.1587689236967,1484.1587689236967,0.0,0.03151424750681587
345,-1433.0795668415412,1433.0795668415412,0.0,0.03119910503174771
346,-1450.6319986979167,1450.6319986979167,0.0,0.030887113981430233
347,-1360.3476628232036,1360.3476628232036,0.0,0.03057824284161593
348,-1508.249999999999,1508.249999999999,0.0,0.03027246041319977
349,-1578.9999999999995,1578.9999999999995,0.0,0.029969735809067772
350,-1245.8013170030383,1245.8013170030383,0.0,0.029670038450977095
351,-1549.2500000000005,1549.2500000000005,0.0,0.029373338066467324
352,-1430.625,1430.625,0.0,0.02907960468580265
353,-1236.697990301256,1236.697990301256,0.0,0.028788808638944622
354,-1540.5605926513672,1540.5605926513672,0.0,0.028500920552555174
355,-1374.683648234716,1374.683648234716,0.0,0.028215911347029624
356,-1571.205078125,1571.205078125,0.0,0.027933752233559327
357,-1312.9999999999998,1312.9999999999998,0.0,0.027654414711223735
358,-1340.9999999999998,1340.9999999999998,0.0,0.027377870564111496
359,-1287.5941755506726,1287.5941755506726,0.0,0.027104091858470382
360,-1556.4140624999998,1556.4140624999998,0.0,0.026833050939885677
361,-1587.3750000000002,1587.3750000000002,0.0,0.02656472043048682
362,-1363.4049134225293,1363.4049134225293,0.0,0.02629907322618195
363,-1467.566345968364,1467.566345968364,0.0,0.026036082493920133
364,-1385.1542725033232,1385.1542725033232,0.0,0.02577572166898093
365,-1315.522494872411,1315.522494872411,0.0,0.025517964452291122
366,-1507.1041666666667,1507.1041666666667,0.0,0.02526278480776821
367,-1731.4861111111113,1731.4861111111113,0.0,0.025010156959690527
368,-1274.0352783203123,1274.0352783203123,0.0,0.02476005539009362
369,-1549.6668339717544,1549.6668339717544,0.0,0.024512454836192684
370,-1419.063992273257,1419.063992273257,0.0,0.024267330287830756
371,-1468.875,1468.875,0.0,0.024024656984952448
372,-1431.9166666666665,1431.9166666666665,0.0,0.023784410415102923
373,-1445.5031708140434,1445.5031708140434,0.0,0.023546566310951894
374,-1273.5848396817312,1273.5848396817312,0.0,0.023311100647842375
375,-1579.6880832248262,1579.6880832248262,0.0,0.02307798964136395
376,-1490.75,1490.75,0.0,0.022847209744950314
377,-1531.9062500000002,1531.9062500000002,0.0,0.02261873764750081
378,-1297.0,1297.0,0.0,0.022392550271025803
379,-1501.9218749999998,1501.9218749999998,0.0,0.022168624768315544
380,-1467.7499999999993,1467.7499999999993,0.0,0.02194693852063239
381,-1480.8855452674898,1480.8855452674898,0.0,0.021727469135426065
382,-1472.9142343026624,1472.9142343026624,0.0,0.021510194444071803
383,-1339.1921296296296,1339.1921296296296,0.0,0.021295092499631085
384,-1462.1677246093748,1462.1677246093748,0.0,0.021082141574634772
385,-1577.0,1577.0,0.0,0.020871320158888425
386,-1419.3566131591797,1419.3566131591797,0.0,0.020662606957299542
387,-1401.3154296874998,1401.3154296874998,0.0,0.020455980887726547
388,-1393.696614583334,1393.696614583334,0.0,0.02025142107884928
389,-1467.0555555555543,1467.0555555555543,0.0,0.020048906868060788
390,-1547.703125,1547.703125,0.0,0.01984841779938018
391,-1650.945729573568,1650.945729573568,0.0,0.019649933621386378
392,-1404.4999999999998,1404.4999999999998,0.0,0.019453434285172513
393,-1376.2812500000005,1376.2812500000005,0.0,0.019258899942320787
394,-1457.354760328929,1457.354760328929,0.0,0.01906631094289758
395,-1538.5,1538.5,0.0,0.018875647833468602
396,-1422.68359375,1422.68359375,0.0,0.018686891355133916
397,-1527.3964843749998,1527.3964843749998,0.0,0.018500022441582577
398,-1448.0,1448.0,0.0,0.01831502221716675
399,-1512.5,1512.5,0.0,0.018131871994995084
400,-1460.4408068195112,1460.4408068195112,0.0,0.017950553275045134
401,-1646.9999999999998,1646.9999999999998,0.0,0.017771047742294682
402,-1411.9999999999998,1411.9999999999998,0.0,0.017593337264871736
403,-1366.266042558471,1366.266042558471,0.0,0.01741740389222302
404,-1545.9999999999998,1545.9999999999998,0.0,0.01724322985330079
405,-1507.1674414161175,1507.1674414161175,0.0,0.017070797554767782
406,-1364.2500000000002,1364.2500000000002,0.0,0.016900089579220106
407,-1499.6562499999998,1499.6562499999998,0.0,0.016731088683427906
408,-1368.9999999999993,1363.9999999999993,5.0,0.016563777796593626
409,-1330.0116246046734,1330.0116246046734,0.0,0.016398140018627688
410,-1629.051333930758,1629.051333930758,0.0,0.01623415861844141
411,-1420.0787772412814,1420.0787772412814,0.0,0.016071817032256998
412,-1323.9202440248598,1323.9202440248598,0.0,0.01591109886193443
413,-1533.8778087587102,1533.8778087587102,0.0,0.015751987873315085
414,-1383.0,1383.0,0.0,0.015594467994581935
415,-1486.6562500000005,1486.6562500000005,0.0,0.015438523314636115
416,-1407.84375,1407.84375,0.0,0.015284138081489753
417,-1480.4903509599583,1480.4903509599583,0.0,0.015131296700674856
418,-1260.75,1260.75,0.0,0.014979983733668108
419,-1494.8333333333333,1494.8333333333333,0.0,0.014830183896331426
420,-1315.6485339506175,1315.6485339506175,0.0,0.014681882057368112
421,-1344.2621120876736,1344.2621120876736,0.0,0.01453506323679443
422,-1572.9999999999998,1572.9999999999998,0.0,0.014389712604426485
423,-1294.5312499999998,1294.5312499999998,0.0,0.01424581547838222
424,-1564.2187500000002,1564.2187500000002,0.0,0.014103357323598397
425,-1390.2536214192712,1390.2536214192712,0.0,0.013962323750362413
426,-1363.145833333333,1363.145833333333,0.0,0.013822700512858789
427,-1596.9999999999993,1596.9999999999993,0.0,0.0136844735077302
428,-1543.8611111111109,1540.8611111111109,3.0,0.013547628772652899
429,-1501.0351562499995,1501.0351562499995,0.0,0.01341215248492637
430,-1577.401529947917,1577.401529947917,0.0,0.013278030960077106
431,-1503.600981512187,1503.600981512187,0.0,0.013145250650476335
432,-1466.0006326515493,1466.0006326515493,0.0,0.01301379814397157
433,-1565.0,1565.0,0.0,0.012883660162531854
434,-1608.3151041666665,1608.3151041666665,0.0,0.012754823560906535
435,-1374.238559299045,1374.238559299045,0.0,0.01262727532529747
436,-1528.5529343740411,1528.5529343740411,0.0,0.012501002572044496
437,-1211.645833333333,1211.645833333333,0.0,0.01237599254632405
438,-1444.4999999999998,1444.4999999999998,0.0,0.01225223262086081
439,-1403.369791666667,1403.369791666667,0.0,0.012129710294652202
440,-1456.514146090535,1456.514146090535,0.0,0.01200841319170568
441,-1409.6942042598014,1409.6942042598014,0.0,0.011888329059788623
442,-1403.8437499999998,1403.8437499999998,0.0,0.011769445769190737
443,-1379.5369466145835,1379.5369466145835,0.0,0.01165175131149883
444,-1459.1309305826824,1459.1309305826824,0.0,0.011535233798383842
445,-1386.1423523867572,1386.1423523867572,0.0,0.011419881460400004
446,-1488.304984198676,1488.304984198676,0.0,0.011305682645796004
447,-1340.4648437500005,1340.4648437500005,0.0,0.011192625819338045
448,-1526.0000000000002,1526.0000000000002,0.0,0.011080699561144665
449,-1182.6011687088558,1182.6011687088558,0.0,0.010969892565533218
450,-1448.958333333333,1448.958333333333,0.0,0.010860193639877886
451,-1393.808682665414,1393.808682665414,0.0,0.010751591703479106
452,-1629.0,1629.0,0.0,0.010644075786444315
453,-1283.4668511284724,1280.4668511284724,3.0,0.010537635028579873
454,-1289.8333333333333,1289.8333333333333,0.0,0.010432258678294073
455,-1235.2500000000002,1235.2500000000002,0.0,0.010327936091511133
456,-1575.1096824363424,1575.1096824363424,0.0,0.010224656730596022
457,-1516.0057500442604,1516.0057500442604,0.0,0.01012241016329006
458,-1475.0528564453123,1475.0528564453123,0.0,0.01002118606165716
459,-1585.0034722222226,1585.0034722222226,0.0,0.009920974201040588
460,-1441.4999999999998,1441.4999999999998,0.0,0.009920974201040588
461,-1369.0451660156255,1367.0451660156255,2.0,0.009920974201040588
462,-1548.0,1548.0,0.0,0.009920974201040588
463,-1515.4999999999998,1515.4999999999998,0.0,0.009920974201040588
464,-1526.75,1526.75,0.0,0.009920974201040588
465,-1417.7421875000002,1417.7421875000002,0.0,0.009920974201040588
466,-1344.0785590277778,1344.0785590277778,0.0,0.009920974201040588
467,-1665.1303469538689,1665.1303469538689,0.0,0.009920974201040588
468,-1553.5625,1553.5625,0.0,0.009920974201040588
469,-1444.0000000000005,1444.0000000000005,0.0,0.009920974201040588
470,-1467.2459195145848,1467.2459195145848,0.0,0.009920974201040588
471,-1573.7333984375002,1573.7333984375002,0.0,0.009920974201040588
472,-1446.0702819824219,1446.0702819824219,0.0,0.009920974201040588
473,-1426.0,1420.0,6.0,0.009920974201040588
474,-1196.875495566588,1196.875495566588,0.0,0.009920974201040588
475,-1321.6249999999998,1321.6249999999998,0.0,0.009920974201040588
476,-1243.2890624999998,1243.2890624999998,0.0,0.009920974201040588
477,-1645.1718749999998,1645.1718749999998,0.0,0.009920974201040588
478,-1594.75,1594.75,0.0,0.009920974201040588
479,-1387.25,1387.25,0.0,0.009920974201040588
480,-1329.6661716037324,1329.6661716037324,0.0,0.009920974201040588
481,-1458.0000000000005,1458.0000000000005,0.0,0.009920974201040588
482,-1476.8806669447158,1476.8806669447158,0.0,0.009920974201040588
483,-1416.2259385850698,1416.2259385850698,0.0,0.009920974201040588
484,-1515.8641131189133,1515.8641131189133,0.0,0.009920974201040588
485,-1388.5,1388.5,0.0,0.009920974201040588
486,-1475.7734375,1475.7734375,0.0,0.009920974201040588
487,-1374.6158854166665,1374.6158854166665,0.0,0.009920974201040588
488,-1444.8603956434463,1444.8603956434463,0.0,0.009920974201040588
489,-1443.0014071994353,1443.0014071994353,0.0,0.009920974201040588
490,-1491.0082606635626,1491.0082606635626,0.0,0.009920974201040588
491,-1420.2499999999998,1420.2499999999998,0.0,0.009920974201040588
492,-1414.0709318938077,1414.0709318938077,0.0,0.009920974201040588
493,-1558.0,1558.0,0.0,0.009920974201040588
494,-1497.4653716286027,1497.4653716286027,0.0,0.009920974201040588
495,-1229.0,1229.0,0.0,0.009920974201040588
496,-1320.5451388888891,1320.5451388888891,0.0,0.009920974201040588
497,-1545.7118995513013,1545.7118995513013,0.0,0.009920974201040588
498,-1421.8804885727689,1420.8804885727689,1.0,0.009920974201040588
499,-1430.7578124999998,1430.7578124999998,0.0,0.009920974201040588
500,-1431.203125,1431.203125,0.0,0.009920974201040588
501,-1253.0000000000002,1253.0000000000002,0.0,0.009920974201040588
502,-1458.8229166666667,1458.8229166666667,0.0,0.009920974201040588
503,-1463.5868730898258,1463.5868730898258,0.0,0.009920974201040588
504,-1525.449869791667,1525.449869791667,0.0,0.009920974201040588
505,-1527.6949869791667,1527.6949869791667,0.0,0.009920974201040588
506,-1448.6562500000002,1448.6562500000002,0.0,0.009920974201040588
507,-1400.75,1400.75,0.0,0.009920974201040588
508,-1322.8513183593752,1322.8513183593752,0.0,0.009920974201040588
509,-1536.5222530774925,1534.5222530774925,2.0,0.009920974201040588
510,-1279.8184615906016,1279.8184615906016,0.0,0.009920974201040588
511,-1411.7565827546296,1411.7565827546296,0.0,0.009920974201040588
512,-1486.7480709876545,1484.7480709876545,2.0,0.009920974201040588
513,-1399.8125,1399.8125,0.0,0.009920974201040588
514,-1529.9999999999998,1529.9999999999998,0.0,0.009920974201040588
515,-1346.161458333334,1346.161458333334,0.0,0.009920974201040588
516,-1390.8450358355487,1390.8450358355487,0.0,0.009920974201040588
517,-1566.1590576171875,1566.1590576171875,0.0,0.009920974201040588
518,-1614.1984829463354,1614.1984829463354,0.0,0.009920974201040588
519,-1392.0,1392.0,0.0,0.009920974201040588
520,-1368.25,1368.25,0.0,0.009920974201040588
521,-1252.0235299318415,1252.0235299318415,0.0,0.009920974201040588
522,-1379.0340841055245,1379.0340841055245,0.0,0.009920974201040588
523,-1480.7083333333333,1480.7083333333333,0.0,0.009920974201040588
524,-1547.5965474446614,1547.5965474446614,0.0,0.009920974201040588
525,-1390.75,1390.75,0.0,0.009920974201040588
526,-1554.6586190682872,1554.6586190682872,0.0,0.009920974201040588
527,-1381.2552083333337,1381.2552083333337,0.0,0.009920974201040588
528,-1621.9999999999998,1619.9999999999998,2.0,0.009920974201040588
529,-1383.3498981466269,1383.3498981466269,0.0,0.009920974201040588
530,-1449.3749999999995,1449.3749999999995,0.0,0.009920974201040588
531,-1632.9701453314892,1632.9701453314892,0.0,0.009920974201040588
532,-1366.392822265625,1366.392822265625,0.0,0.009920974201040588
533,-1407.9999999999998,1407.9999999999998,0.0,0.009920974201040588
534,-1392.7222222222224,1392.7222222222224,0.0,0.009920974201040588
535,-1457.9999999999998,1457.9999999999998,0.0,0.009920974201040588
536,-1357.4999999999998,1357.4999999999998,0.0,0.009920974201040588
537,-1430.5416666666667,1430.5416666666667,0.0,0.009920974201040588
538,-1534.285108024691,1534.285108024691,0.0,0.009920974201040588
539,-1427.2604166666667,1427.2604166666667,0.0,0.009920974201040588
540,-1390.5000000000002,1390.5000000000002,0.0,0.009920974201040588
541,-1473.9140625,1469.9140625,4.0,0.009920974201040588
542,-1536.9284304595653,1536.9284304595653,0.0,0.009920974201040588
543,-1454.125,1450.125,4.0,0.009920974201040588
544,-1444.9999999999998,1444.9999999999998,0.0,0.009920974201040588
545,-1464.62109375,1457.62109375,7.0,0.009920974201040588
546,-1662.0000000000002,1662.0000000000002,0.0,0.009920974201040588
547,-1324.5673532481603,1324.5673532481603,0.0,0.009920974201040588
548,-1333.3280621442843,1333.3280621442843,0.0,0.009920974201040588
549,-1235.208498830495,1229.208498830495,6.0,0.009920974201040588
550,-1483.7430928548179,1483.7430928548179,0.0,0.009920974201040588
551,-1375.84375,1375.84375,0.0,0.009920974201040588
552,-1460.843014601265,1460.843014601265,0.0,0.009920974201040588
553,-1433.416666666667,1433.416666666667,0.0,0.009920974201040588
554,-1330.5995537315548,1330.5995537315548,0.0,0.009920974201040588
555,-1524.3708360460073,1524.3708360460073,0.0,0.009920974201040588
556,-1454.9153123274755,1454.9153123274755,0.0,0.009920974201040588
557,-1301.953151122042,1301.953151122042,0.0,0.009920974201040588
558,-1374.8479379812877,1374.8479379812877,0.0,0.009920974201040588
559,-1407.75,1407.75,0.0,0.009920974201040588
560,-1497.0000000000002,1497.0000000000002,0.0,0.009920974201040588
561,-1231.1880200286178,1231.1880200286178,0.0,0.009920974201040588
562,-1557.2499999999998,1557.2499999999998,0.0,0.009920974201040588
563,-1370.3333333333337,1370.3333333333337,0.0,0.009920974201040588
564,-1368.6592881944446,1365.6592881944446,3.0,0.009920974201040588
565,-1409.0000000000005,1409.0000000000005,0.0,0.009920974201040588
566,-1350.9588928222659,1350.9588928222659,0.0,0.009920974201040588
567,-1384.0,1384.0,0.0,0.009920974201040588
568,-1627.9661865234375,1627.9661865234375,0.0,0.009920974201040588
569,-1529.1666666666672,1519.1666666666672,10.0,0.009920974201040588
570,-1415.0019442770217,1415.0019442770217,0.0,0.009920974201040588
571,-1657.9999999999995,1657.9999999999995,0.0,0.009920974201040588
572,-1435.9999999999998,1435.9999999999998,0.0,0.009920974201040588
573,-1399.0000000000002,1396.0000000000002,3.0,0.009920974201040588
574,-1503.0,1503.0,0.0,0.009920974201040588
575,-1479.2500000000002,1479.2500000000002,0.0,0.009920974201040588
576,-1335.234415020308,1335.234415020308,0.0,0.009920974201040588
577,-1578.2968749999998,1578.2968749999998,0.0,0.009920974201040588
578,-1561.9999999999998,1561.9999999999998,0.0,0.009920974201040588
579,-1518.6250000000002,1518.6250000000002,0.0,0.009920974201040588
580,-1251.3229166666672,1251.3229166666672,0.0,0.009920974201040588
581,-1264.5164954164134,1264.5164954164134,0.0,0.009920974201040588
582,-1362.5283564814815,1362.5283564814815,0.0,0.009920974201040588
583,-1432.0,1432.0,0.0,0.009920974201040588
584,-1358.0000000000002,1358.0000000000002,0.0,0.009920974201040588
585,-1362.2171755775719,1362.2171755775719,0.0,0.009920974201040588
586,-1550.75,1550.75,0.0,0.009920974201040588
587,-1352.5311282475793,1352.5311282475793,0.0,0.009920974201040588
588,-1441.6650305082114,1441.6650305082114,0.0,0.009920974201040588
589,-1351.4166666666667,1350.4166666666667,1.0,0.009920974201040588
590,-1474.0208333333335,1474.0208333333335,0.0,0.009920974201040588
591,-1530.666666666667,1530.666666666667,0.0,0.009920974201040588
592,-1517.7500000000002,1517.7500000000002,0.0,0.009920974201040588
593,-1374.3333333333333,1374.3333333333333,0.0,0.009920974201040588
594,-1373.0064182943768,1373.0064182943768,0.0,0.009920974201040588
595,-1442.9981468871786,1442.9981468871786,0.0,0.009920974201040588
596,-1358.03125,1358.03125,0.0,0.009920974201040588
597,-1537.0,1535.0,2.0,0.009920974201040588
598,-1608.2500000000002,1608.2500000000002,0.0,0.009920974201040588
599,-1210.9999999999995,1210.9999999999995,0.0,0.009920974201040588
600,-1482.4999999999998,1482.4999999999998,0.0,0.009920974201040588
601,-1500.6979166666665,1500.6979166666665,0.0,0.009920974201040588
602,-1502.59375,1502.59375,0.0,0.009920974201040588
603,-1418.6875,1418.6875,0.0,0.009920974201040588
604,-1415.9375000000007,1415.9375000000007,0.0,0.009920974201040588
605,-1397.9999999999998,1393.9999999999998,4.0,0.009920974201040588
606,-1450.1944444444443,1450.1944444444443,0.0,0.009920974201040588
607,-1418.7584454571759,1418.7584454571759,0.0,0.009920974201040588
608,-1484.8159722222222,1484.8159722222222,0.0,0.009920974201040588
609,-1573.5920138888887,1573.5920138888887,0.0,0.009920974201040588
610,-1265.6875,1265.6875,0.0,0.009920974201040588
611,-1485.337626139323,1485.337626139323,0.0,0.009920974201040588
612,-1550.0416666666667,1550.0416666666667,0.0,0.009920974201040588
613,-1433.4062499999998,1433.4062499999998,0.0,0.009920974201040588
614,-1515.9370418595681,1515.9370418595681,0.0,0.009920974201040588
615,-1563.158904957346,1563.158904957346,0.0,0.009920974201040588
616,-1590.4999999999998,1590.4999999999998,0.0,0.009920974201040588
617,-1512.40329218107,1512.40329218107,0.0,0.009920974201040588
618,-1508.0,1508.0,0.0,0.009920974201040588
619,-1497.1525565783184,1497.1525565783184,0.0,0.009920974201040588
620,-1520.9013671874998,1520.9013671874998,0.0,0.009920974201040588
621,-1537.3424993733317,1537.3424993733317,0.0,0.009920974201040588
622,-1431.0,1431.0,0.0,0.009920974201040588
623,-1554.6666666666665,1554.6666666666665,0.0,0.009920974201040588
624,-1512.5208333333333,1512.5208333333333,0.0,0.009920974201040588
625,-1483.1666666666667,1483.1666666666667,0.0,0.009920974201040588
626,-1431.0000000000002,1431.0000000000002,0.0,0.009920974201040588
627,-1343.545572916667,1343.545572916667,0.0,0.009920974201040588
628,-1379.0,1379.0,0.0,0.009920974201040588
629,-1337.1445433063273,1337.1445433063273,0.0,0.009920974201040588
630,-1281.75,1281.75,0.0,0.009920974201040588
631,-1380.9166666666667,1380.9166666666667,0.0,0.009920974201040588
632,-1386.241726345486,1386.241726345486,0.0,0.009920974201040588
633,-1492.0,1492.0,0.0,0.009920974201040588
634,-1475.072509765625,1475.072509765625,0.0,0.009920974201040588
635,-1324.7916666666665,1324.7916666666665,0.0,0.009920974201040588
636,-1492.3609466552734,1492.3609466552734,0.0,0.009920974201040588
637,-1451.0,1451.0,0.0,0.009920974201040588
638,-1462.7500000000002,1461.7500000000002,1.0,0.009920974201040588
639,-1560.0,1560.0,0.0,0.009920974201040588
640,-1417.1093750000002,1417.1093750000002,0.0,0.009920974201040588
641,-1515.7243530468606,1515.7243530468606,0.0,0.009920974201040588
642,-1400.314615885417,1400.314615885417,0.0,0.009920974201040588
643,-1407.8554687499993,1398.8554687499993,9.0,0.009920974201040588
644,-1360.4030249324842,1360.4030249324842,0.0,0.009920974201040588
645,-1328.0000000000005,1328.0000000000005,0.0,0.009920974201040588
646,-1422.7222222222226,1422.7222222222226,0.0,0.009920974201040588
647,-1496.3300120035806,1486.3300120035806,10.0,0.009920974201040588
648,-1546.284362792969,1546.284362792969,0.0,0.009920974201040588
649,-1368.9843749999995,1368.9843749999995,0.0,0.009920974201040588
650,-1394.2246606414476,1394.2246606414476,0.0,0.009920974201040588
651,-1208.75446284303,1208.75446284303,0.0,0.009920974201040588
652,-1475.125460306803,1475.125460306803,0.0,0.009920974201040588
653,-1412.9999999999998,1412.9999999999998,0.0,0.009920974201040588
654,-1336.0,1336.0,0.0,0.009920974201040588
655,-1347.1693604075251,1347.1693604075251,0.0,0.009920974201040588
656,-1283.548924046176,1283.548924046176,0.0,0.009920974201040588
657,-1484.666666666667,1484.666666666667,0.0,0.009920974201040588
658,-1707.9739583333333,1702.9739583333333,5.0,0.009920974201040588
659,-1732.0000000000002,1732.0000000000002,0.0,0.009920974201040588
660,-1364.9163411458333,1364.9163411458333,0.0,0.009920974201040588
661,-1653.2500000000002,1653.2500000000002,0.0,0.009920974201040588
662,-1570.9999999999995,1570.9999999999995,0.0,0.009920974201040588
663,-1504.0,1500.0,4.0,0.009920974201040588
664,-1554.7499999999998,1554.7499999999998,0.0,0.009920974201040588
665,-1474.2011718750005,1474.2011718750005,0.0,0.009920974201040588
666,-1449.9999999999998,1449.9999999999998,0.0,0.009920974201040588
667,-1505.0123697916665,1503.0123697916665,2.0,0.009920974201040588
668,-1448.0,1448.0,0.0,0.009920974201040588
669,-1380.4166666666667,1380.4166666666667,0.0,0.009920974201040588
670,-1398.0539806978197,1398.0539806978197,0.0,0.009920974201040588
671,-1407.6666666666665,1407.6666666666665,0.0,0.009920974201040588
672,-1547.9999999999998,1547.9999999999998,0.0,0.009920974201040588
673,-1430.2187500000002,1430.2187500000002,0.0,0.009920974201040588
674,-1358.15625,1358.15625,0.0,0.009920974201040588
675,-1479.9583333333337,1479.9583333333337,0.0,0.009920974201040588
676,-1475.25,1475.25,0.0,0.009920974201040588
677,-1559.689995659722,1559.689995659722,0.0,0.009920974201040588
678,-1540.0168676187636,1540.0168676187636,0.0,0.009920974201040588
679,-1316.3410493827162,1316.3410493827162,0.0,0.009920974201040588
680,-1572.2499999999998,1572.2499999999998,0.0,0.009920974201040588
681,-1380.75,1380.75,0.0,0.009920974201040588
682,-1530.4415481090546,1530.4415481090546,0.0,0.009920974201040588
683,-1184.9288194444443,1184.9288194444443,0.0,0.009920974201040588
684,-1393.830078125,1393.830078125,0.0,0.009920974201040588
685,-1541.6464843749995,1540.6464843749995,1.0,0.009920974201040588
686,-1311.6072319878474,1311.6072319878474,0.0,0.009920974201040588
687,-1429.945769133391,1429.945769133391,0.0,0.009920974201040588
688,-1230.0000000000002,1230.0000000000002,0.0,0.009920974201040588
689,-1557.7500000000002,1557.7500000000002,0.0,0.009920974201040588
690,-1406.25,1406.25,0.0,0.009920974201040588
691,-1324.8260106216242,1324.8260106216242,0.0,0.009920974201040588
692,-1589.9999999999995,1589.9999999999995,0.0,0.009920974201040588
693,-1504.2851562500002,1504.2851562500002,0.0,0.009920974201040588
694,-1433.2055121527774,1433.2055121527774,0.0,0.009920974201040588
695,-1362.9640638563367,1362.9640638563367,0.0,0.009920974201040588
696,-1283.142252604166,1283.142252604166,0.0,0.009920974201040588
697,-1481.0146583797837,1481.0146583797837,0.0,0.009920974201040588
698,-1438.75,1432.75,6.0,0.009920974201040588
699,-1519.7499999999998,1519.7499999999998,0.0,0.009920974201040588
700,-1580.0000000000007,1580.0000000000007,0.0,0.009920974201040588
701,-1396.9947916666663,1396.9947916666663,0.0,0.009920974201040588
702,-1391.84375,1391.84375,0.0,0.009920974201040588
703,-1313.0,1313.0,0.0,0.009920974201040588
704,-1325.4718494945103,1325.4718494945103,0.0,0.009920974201040588
705,-1484.385416666667,1484.385416666667,0.0,0.009920974201040588
706,-1400.75,1400.75,0.0,0.009920974201040588
707,-1387.9999999999998,1387.9999999999998,0.0,0.009920974201040588
708,-1403.4270833333328,1403.4270833333328,0.0,0.009920974201040588
709,-1606.7682291666665,1606.7682291666665,0.0,0.009920974201040588
710,-1544.0833333333326,1544.0833333333326,0.0,0.009920974201040588
711,-1310.9999999999998,1310.9999999999998,0.0,0.009920974201040588
712,-1462.9900024202134,1462.9900024202134,0.0,0.009920974201040588
713,-1525.7903645833333,1525.7903645833333,0.0,0.009920974201040588
714,-1446.4311523437502,1446.4311523437502,0.0,0.009920974201040588
715,-1277.9135456085205,1277.9135456085205,0.0,0.009920974201040588
716,-1361.0,1361.0,0.0,0.009920974201040588
717,-1326.34375,1326.34375,0.0,0.009920974201040588
718,-1536.0,1536.0,0.0,0.009920974201040588
719,-1656.9365629973238,1656.9365629973238,0.0,0.009920974201040588
720,-1285.3013516267142,1285.3013516267142,0.0,0.009920974201040588
721,-1486.8281250000002,1486.8281250000002,0.0,0.009920974201040588
722,-1351.333333333333,1345.333333333333,6.0,0.009920974201040588
723,-1312.0,1312.0,0.0,0.009920974201040588
724,-1660.8333333333335,1660.8333333333335,0.0,0.009920974201040588
725,-1488.0935112988504,1488.0935112988504,0.0,0.009920974201040588
726,-1449.1781982250202,1449.1781982250202,0.0,0.009920974201040588
727,-1415.6666666666672,1415.6666666666672,0.0,0.009920974201040588
728,-1505.9999999999998,1505.9999999999998,0.0,0.009920974201040588
729,-1433.971557617188,1433.971557617188,0.0,0.009920974201040588
730,-1442.784145315488,1442.784145315488,0.0,0.009920974201040588
731,-1338.7212318632544,1337.7212318632544,1.0,0.009920974201040588
732,-1466.2499999999993,1466.2499999999993,0.0,0.009920974201040588
733,-1494.4648437500005,1494.4648437500005,0.0,0.009920974201040588
734,-1390.9036458333337,1390.9036458333337,0.0,0.009920974201040588
735,-1398.6784155103896,1398.6784155103896,0.0,0.009920974201040588
736,-1294.256725735135,1294.256725735135,0.0,0.009920974201040588
737,-1271.5833333333333,1271.5833333333333,0.0,0.009920974201040588
738,-1329.0000000000005,1329.0000000000005,0.0,0.009920974201040588
739,-1490.0781013582964,1488.0781013582964,2.0,0.009920974201040588
740,-1483.9999999999998,1483.9999999999998,0.0,0.009920974201040588
741,-1432.0625000000002,1432.0625000000002,0.0,0.009920974201040588
742,-1389.0625,1389.0625,0.0,0.009920974201040588
743,-1352.3428819444443,1352.3428819444443,0.0,0.009920974201040588
744,-1451.2166108489034,1451.2166108489034,0.0,0.009920974201040588
745,-1306.9322916666672,1306.9322916666672,0.0,0.009920974201040588
746,-1607.1111111111115,1607.1111111111115,0.0,0.009920974201040588
747,-1471.0000000000002,1471.0000000000002,0.0,0.009920974201040588
748,-1316.208333333333,1313.208333333333,3.0,0.009920974201040588
749,-1551.84375,1551.84375,0.0,0.009920974201040588
750,-1616.875,1616.875,0.0,0.009920974201040588
751,-1693.9453124999998,1693.9453124999998,0.0,0.009920974201040588
752,-1506.0299479166665,1506.0299479166665,0.0,0.009920974201040588
753,-1439.25,1439.25,0.0,0.009920974201040588
754,-1436.5911079247792,1436.5911079247792,0.0,0.009920974201040588
755,-1380.1875000000007,1380.1875000000007,0.0,0.009920974201040588
756,-1470.430989583333,1470.430989583333,0.0,0.009920974201040588
757,-1337.688630686866,1337.688630686866,0.0,0.009920974201040588
758,-1305.7127256040221,1305.7127256040221,0.0,0.009920974201040588
759,-1455.427083333334,1455.427083333334,0.0,0.009920974201040588
760,-1493.1666666666667,1493.1666666666667,0.0,0.009920974201040588
761,-1200.0,1200.0,0.0,0.009920974201040588
762,-1353.4234458365067,1353.4234458365067,0.0,0.009920974201040588
763,-1440.1332344714508,1440.1332344714508,0.0,0.009920974201040588
764,-1182.583333333333,1182.583333333333,0.0,0.009920974201040588
765,-1509.1562500000002,1509.1562500000002,0.0,0.009920974201040588
766,-1444.0000000000002,1444.0000000000002,0.0,0.009920974201040588
767,-1502.8020833333337,1502.8020833333337,0.0,0.009920974201040588
768,-1575.5742187500007,1575.5742187500007,0.0,0.009920974201040588
769,-1279.5242091049392,1279.5242091049392,0.0,0.009920974201040588
770,-1340.4306640625,1340.4306640625,0.0,0.009920974201040588
771,-1334.9947916666667,1334.9947916666667,0.0,0.009920974201040588
772,-1443.6963153415256,1443.6963153415256,0.0,0.009920974201040588
773,-1298.203125,1298.203125,0.0,0.009920974201040588
774,-1455.0000000000002,1455.0000000000002,0.0,0.009920974201040588
775,-1507.6917317708337,1507.6917317708337,0.0,0.009920974201040588
776,-1302.5638020833335,1302.5638020833335,0.0,0.009920974201040588
777,-1579.0000000000007,1579.0000000000007,0.0,0.009920974201040588
778,-1432.2677408854167,1432.2677408854167,0.0,0.009920974201040588
779,-1089.8408779149522,1083.8408779149522,6.0,0.009920974201040588
780,-1398.3749999999995,1398.3749999999995,0.0,0.009920974201040588
781,-1344.6300938247166,1344.6300938247166,0.0,0.009920974201040588
782,-1492.5,1491.5,1.0,0.009920974201040588
783,-1308.7343749999998,1308.7343749999998,0.0,0.009920974201040588
784,-1425.4444444444441,1425.4444444444441,0.0,0.009920974201040588
785,-1504.697916666667,1504.697916666667,0.0,0.009920974201040588
786,-1682.625,1682.625,0.0,0.009920974201040588
787,-1450.1898193359375,1450.1898193359375,0.0,0.009920974201040588
788,-1425.6666666666665,1425.6666666666665,0.0,0.009920974201040588
789,-1404.9316406249995,1404.9316406249995,0.0,0.009920974201040588
790,-1510.0000000000002,1510.0000000000002,0.0,0.009920974201040588
791,-1556.7070312499998,1556.7070312499998,0.0,0.009920974201040588
792,-1464.5,1464.5,0.0,0.009920974201040588
793,-1486.2956949869788,1486.2956949869788,0.0,0.009920974201040588
794,-1549.5000000000005,1549.5000000000005,0.0,0.009920974201040588
795,-1229.2443335476946,1229.2443335476946,0.0,0.009920974201040588
796,-1515.5519205729167,1515.5519205729167,0.0,0.009920974201040588
797,-1457.75,1457.75,0.0,0.009920974201040588
798,-1412.1249999999998,1412.1249999999998,0.0,0.009920974201040588
799,-1265.4999999999998,1265.4999999999998,0.0,0.009920974201040588
800,-1360.4190707736545,1360.4190707736545,0.0,0.009920974201040588
801,-1639.5,1639.5,0.0,0.009920974201040588
802,-1552.0000000000002,1552.0000000000002,0.0,0.009920974201040588
803,-1185.2499999999998,1185.2499999999998,0.0,0.009920974201040588
804,-1231.0,1231.0,0.0,0.009920974201040588
805,-1593.9999999999995,1592.9999999999995,1.0,0.009920974201040588
806,-1371.5624999999998,1371.5624999999998,0.0,0.009920974201040588
807,-1524.8697916666667,1524.8697916666667,0.0,0.009920974201040588
808,-1411.236979166667,1411.236979166667,0.0,0.009920974201040588
809,-1561.8617553710938,1561.8617553710938,0.0,0.009920974201040588
810,-1238.0,1238.0,0.0,0.009920974201040588
811,-1409.5000000000005,1409.5000000000005,0.0,0.009920974201040588
812,-1432.9482421874998,1432.9482421874998,0.0,0.009920974201040588
813,-1421.7500000000002,1419.7500000000002,2.0,0.009920974201040588
814,-1544.7500000000002,1544.7500000000002,0.0,0.009920974201040588
815,-1506.0,1506.0,0.0,0.009920974201040588
816,-1527.5000000000002,1527.5000000000002,0.0,0.009920974201040588
817,-1274.9999999999998,1274.9999999999998,0.0,0.009920974201040588
818,-1414.0,1414.0,0.0,0.009920974201040588
819,-1258.0000000000002,1258.0000000000002,0.0,0.009920974201040588
820,-1226.4999999999998,1226.4999999999998,0.0,0.009920974201040588
821,-1486.4375000000005,1486.4375000000005,0.0,0.009920974201040588
822,-1314.7848307291667,1314.7848307291667,0.0,0.009920974201040588
823,-1479.0625000000002,1479.0625000000002,0.0,0.009920974201040588
824,-1407.4375,1407.4375,0.0,0.009920974201040588
825,-1460.7992667297165,1460.7992667297165,0.0,0.009920974201040588
826,-1413.0,1405.0,8.0,0.009920974201040588
827,-1595.9375000000002,1595.9375000000002,0.0,0.009920974201040588
828,-1489.505642361111,1489.505642361111,0.0,0.009920974201040588
829,-1434.375,1434.375,0.0,0.009920974201040588
830,-1489.6718749999998,1489.6718749999998,0.0,0.009920974201040588
831,-1326.1093749999998,1326.1093749999998,0.0,0.009920974201040588
832,-1639.2109374999995,1639.2109374999995,0.0,0.009920974201040588
833,-1387.2261284722222,1387.2261284722222,0.0,0.009920974201040588
834,-1448.25,1448.25,0.0,0.009920974201040588
835,-1525.4143880208335,1525.4143880208335,0.0,0.009920974201040588
836,-1320.027777777778,1320.027777777778,0.0,0.009920974201040588
837,-1387.0000000000005,1387.0000000000005,0.0,0.009920974201040588
838,-1547.0,1543.0,4.0,0.009920974201040588
839,-1397.0000000000002,1397.0000000000002,0.0,0.009920974201040588
840,-1454.1617637177799,1454.1617637177799,0.0,0.009920974201040588
841,-1376.5,1374.5,2.0,0.009920974201040588
842,-1380.90625,1380.90625,0.0,0.009920974201040588
843,-1388.6608555169755,1388.6608555169755,0.0,0.009920974201040588
844,-1490.0199207014618,1490.0199207014618,0.0,0.009920974201040588
845,-1531.499999999999,1531.499999999999,0.0,0.009920974201040588
846,-1349.6176877276887,1340.6176877276887,9.0,0.009920974201040588
847,-1296.0233382978026,1296.0233382978026,0.0,0.009920974201040588
848,-1459.8437500000002,1459.8437500000002,0.0,0.009920974201040588
849,-1326.5312499999998,1326.5312499999998,0.0,0.009920974201040588
850,-1461.5624999999998,1461.5624999999998,0.0,0.009920974201040588
851,-1429.9999999999995,1429.9999999999995,0.0,0.009920974201040588
852,-1508.4027777777776,1508.4027777777776,0.0,0.009920974201040588
853,-1433.3645833333335,1433.3645833333335,0.0,0.009920974201040588
854,-1414.746871097682,1409.746871097682,5.0,0.009920974201040588
855,-1467.7890625,1467.7890625,0.0,0.009920974201040588
856,-1406.4842438874418,1406.4842438874418,0.0,0.009920974201040588
857,-1422.7499999999998,1422.7499999999998,0.0,0.009920974201040588
858,-1259.5226900077155,1259.5226900077155,0.0,0.009920974201040588
859,-1501.3398437500002,1499.33984375,2.0,0.009920974201040588
860,-1377.5753580729167,1377.5753580729167,0.0,0.009920974201040588
861,-1389.1406250000002,1389.1406250000002,0.0,0.009920974201040588
862,-1436.0,1436.0,0.0,0.009920974201040588
863,-1532.786148071289,1532.786148071289,0.0,0.009920974201040588
864,-1450.9005564583674,1450.9005564583674,0.0,0.009920974201040588
865,-1465.3898417014311,1465.3898417014311,0.0,0.009920974201040588
866,-1462.1493733723958,1462.1493733723958,0.0,0.009920974201040588
867,-1635.690151638455,1635.690151638455,0.0,0.009920974201040588
868,-1315.0000000000002,1315.0000000000002,0.0,0.009920974201040588
869,-1257.9999999999998,1257.9999999999998,0.0,0.009920974201040588
870,-1376.6477288140195,1376.6477288140195,0.0,0.009920974201040588
871,-1476.9999999999998,1476.9999999999998,0.0,0.009920974201040588
872,-1377.0000000000005,1362.0000000000005,15.0,0.009920974201040588
873,-1409.841840320163,1409.841840320163,0.0,0.009920974201040588
874,-1419.2348632812495,1419.2348632812495,0.0,0.009920974201040588
875,-1473.871943721065,1473.871943721065,0.0,0.009920974201040588
876,-1421.9999999999993,1421.9999999999993,0.0,0.009920974201040588
877,-1415.9999999999998,1407.0,9.0,0.009920974201040588
878,-1515.9999999999998,1515.9999999999998,0.0,0.009920974201040588
879,-1528.3333333333333,1528.3333333333333,0.0,0.009920974201040588
880,-1241.6024671386097,1241.6024671386097,0.0,0.009920974201040588
881,-1551.75,1551.75,0.0,0.009920974201040588
882,-1529.8097485448602,1529.8097485448602,0.0,0.009920974201040588
883,-1475.9085052278306,1475.9085052278306,0.0,0.009920974201040588
884,-1411.319005614064,1411.319005614064,0.0,0.009920974201040588
885,-1384.4476996527774,1384.4476996527774,0.0,0.009920974201040588
886,-1478.7326388888894,1478.7326388888894,0.0,0.009920974201040588
887,-1450.0000000000002,1450.0000000000002,0.0,0.009920974201040588
888,-1410.0,1410.0,0.0,0.009920974201040588
889,-1276.3437499999995,1276.3437499999995,0.0,0.009920974201040588
890,-1436.8750000000002,1436.8750000000002,0.0,0.009920974201040588
891,-1302.6249999999998,1302.6249999999998,0.0,0.009920974201040588
892,-1488.0292259557746,1488.0292259557746,0.0,0.009920974201040588
893,-1313.0,1313.0,0.0,0.009920974201040588
894,-1257.1044921875002,1257.1044921875002,0.0,0.009920974201040588
895,-1451.7316321855708,1451.7316321855708,0.0,0.009920974201040588
896,-1436.333333333333,1434.333333333333,2.0,0.009920974201040588
897,-1387.9999999999998,1380.9999999999998,7.0,0.009920974201040588
898,-1437.5400223908598,1437.5400223908598,0.0,0.009920974201040588
899,-1605.7437009458179,1605.7437009458179,0.0,0.009920974201040588
900,-1485.2301908334096,1485.2301908334096,0.0,0.009920974201040588
901,-1384.2517037229134,1384.2517037229134,0.0,0.009920974201040588
902,-1281.4399174025032,1281.4399174025032,0.0,0.009920974201040588
903,-1450.8680555555557,1450.8680555555557,0.0,0.009920974201040588
904,-1548.938549620631,1548.938549620631,0.0,0.009920974201040588
905,-1427.9999999999998,1419.9999999999998,8.0,0.009920974201040588
906,-1380.6808012032216,1380.6808012032216,0.0,0.009920974201040588
907,-1402.8223071628145,1402.8223071628145,0.0,0.009920974201040588
908,-1524.0000000000002,1524.0000000000002,0.0,0.009920974201040588
909,-1285.3854166666665,1285.3854166666665,0.0,0.009920974201040588
910,-1604.873263888889,1604.873263888889,0.0,0.009920974201040588
911,-1513.0,1513.0,0.0,0.009920974201040588
912,-1486.463541666667,1486.463541666667,0.0,0.009920974201040588
913,-1325.8203124999998,1325.8203124999998,0.0,0.009920974201040588
914,-1397.9999999999993,1397.9999999999993,0.0,0.009920974201040588
915,-1373.9999999999998,1373.9999999999998,0.0,0.009920974201040588
916,-1329.0,1329.0,0.0,0.009920974201040588
917,-1445.0317721896695,1445.0317721896695,0.0,0.009920974201040588
918,-1395.526814778646,1391.5268147786462,4.0,0.009920974201040588
919,-1479.7511845341437,1479.7511845341437,0.0,0.009920974201040588
920,-1611.5000000000005,1611.5000000000005,0.0,0.009920974201040588
921,-1490.3665364583333,1490.3665364583333,0.0,0.009920974201040588
922,-1664.7222222222222,1663.7222222222222,1.0,0.009920974201040588
923,-1247.5048912954849,1247.5048912954849,0.0,0.009920974201040588
924,-1392.2529929832174,1392.2529929832174,0.0,0.009920974201040588
925,-1347.5625000000002,1344.5625,3.0,0.009920974201040588
926,-1556.0,1556.0,0.0,0.009920974201040588
927,-1481.9097335870933,1481.9097335870933,0.0,0.009920974201040588
928,-1357.0981377495657,1357.0981377495657,0.0,0.009920974201040588
929,-1586.4999999999998,1586.4999999999998,0.0,0.009920974201040588
930,-1464.4166666666667,1464.4166666666667,0.0,0.009920974201040588
931,-1158.5,1158.5,0.0,0.009920974201040588
932,-1614.0000000000002,1614.0000000000002,0.0,0.009920974201040588
933,-1485.9999999999998,1485.9999999999998,0.0,0.009920974201040588
934,-1320.75,1320.75,0.0,0.009920974201040588
935,-1284.0214592959521,1284.0214592959521,0.0,0.009920974201040588
936,-1274.7037037037042,1274.7037037037042,0.0,0.009920974201040588
937,-1399.6650377229084,1399.6650377229084,0.0,0.009920974201040588
938,-1540.2499999999998,1540.2499999999998,0.0,0.009920974201040588
939,-1295.6422526041667,1295.6422526041667,0.0,0.009920974201040588
940,-1422.1039926034434,1422.1039926034434,0.0,0.009920974201040588
941,-1584.0,1584.0,0.0,0.009920974201040588
942,-1648.8848120796674,1648.8848120796674,0.0,0.009920974201040588
943,-1370.5674189814813,1370.5674189814813,0.0,0.009920974201040588
944,-1348.9999999999995,1348.9999999999995,0.0,0.009920974201040588
945,-1388.0137939453125,1388.0137939453125,0.0,0.009920974201040588
946,-1357.2930829083482,1357.2930829083482,0.0,0.009920974201040588
947,-1539.7785237630208,1539.7785237630208,0.0,0.009920974201040588
948,-1516.4624304646013,1513.4624304646013,3.0,0.009920974201040588
949,-1385.0,1385.0,0.0,0.009920974201040588
950,-1509.083333333334,1509.083333333334,0.0,0.009920974201040588
951,-1409.0311082703479,1409.0311082703479,0.0,0.009920974201040588
952,-1580.1927083333333,1580.1927083333333,0.0,0.009920974201040588
953,-1416.5150462962963,1416.5150462962963,0.0,0.009920974201040588
954,-1553.5007459852432,1553.5007459852432,0.0,0.009920974201040588
955,-1414.625,1408.625,6.0,0.009920974201040588
956,-1540.4999999999998,1540.4999999999998,0.0,0.009920974201040588
957,-1518.482348372125,1518.482348372125,0.0,0.009920974201040588
958,-1437.4583333333333,1421.4583333333333,16.0,0.009920974201040588
959,-1505.4583333333333,1505.4583333333333,0.0,0.009920974201040588
960,-1465.0000000000007,1462.0000000000005,3.0,0.009920974201040588
961,-1466.8333333333335,1466.8333333333335,0.0,0.009920974201040588
962,-1494.0644405859487,1494.0644405859487,0.0,0.009920974201040588
963,-1387.0,1387.0,0.0,0.009920974201040588
964,-1279.2812499999998,1279.2812499999998,0.0,0.009920974201040588
965,-1512.9952392578125,1512.9952392578125,0.0,0.009920974201040588
966,-1483.2500000000007,1483.2500000000007,0.0,0.009920974201040588
967,-1366.984375,1366.984375,0.0,0.009920974201040588
968,-1154.6215463458336,1154.6215463458336,0.0,0.009920974201040588
969,-1332.4166666666667,1332.4166666666667,0.0,0.009920974201040588
970,-1411.0,1411.0,0.0,0.009920974201040588
971,-1486.0,1486.0,0.0,0.009920974201040588
972,-1429.5671997070315,1429.5671997070315,0.0,0.009920974201040588
973,-1321.3085937500002,1321.3085937500002,0.0,0.009920974201040588
974,-1394.96875,1394.96875,0.0,0.009920974201040588
975,-1433.9999999999993,1433.9999999999993,0.0,0.009920974201040588
976,-1364.75,1364.75,0.0,0.009920974201040588
977,-1489.1666666666665,1487.1666666666665,2.0,0.009920974201040588
978,-1461.231201171875,1461.231201171875,0.0,0.009920974201040588
979,-1187.0000000000002,1184.0000000000005,3.0,0.009920974201040588
980,-1524.0000000000007,1524.0000000000007,0.0,0.009920974201040588
981,-1570.7500000000005,1570.7500000000005,0.0,0.009920974201040588
982,-1472.4999999999998,1472.4999999999998,0.0,0.009920974201040588
983,-1407.9999999999998,1407.9999999999998,0.0,0.009920974201040588
984,-1319.7643229166672,1319.7643229166672,0.0,0.009920974201040588
985,-1430.6875,1430.6875,0.0,0.009920974201040588
986,-1445.5649760681902,1445.5649760681902,0.0,0.009920974201040588
987,-1437.40625,1437.40625,0.0,0.009920974201040588
988,-1317.1249999999998,1317.1249999999998,0.0,0.009920974201040588
989,-1508.9943576388885,1508.9943576388885,0.0,0.009920974201040588
990,-1355.7539988623728,1355.7539988623728,0.0,0.009920974201040588
991,-1580.5000000000002,1580.5000000000002,0.0,0.009920974201040588
992,-1452.0000000000002,1452.0000000000002,0.0,0.009920974201040588
993,-1497.6015625000002,1497.6015625000002,0.0,0.009920974201040588
994,-1288.1788482666018,1288.1788482666018,0.0,0.009920974201040588
995,-1403.388201516041,1403.388201516041,0.0,0.009920974201040588
996,-1523.1249999999995,1523.1249999999995,0.0,0.009920974201040588
997,-1375.2097133741975,1375.2097133741975,0.0,0.009920974201040588
998,-1545.525692139142,1543.525692139142,2.0,0.009920974201040588
999,-1505.3724060058598,1505.3724060058598,0.0,0.009920974201040588
1000,-1398.0000000000002,1398.0000000000002,0.0,0.009920974201040588
1001,-1406.4447201622395,1406.4447201622395,0.0,0.009920974201040588
1002,-1408.7795138888887,1408.7795138888887,0.0,0.009920974201040588
1003,-1488.3489583333333,1488.3489583333333,0.0,0.009920974201040588
1004,-1381.0230238172737,1381.0230238172737,0.0,0.009920974201040588
1005,-1364.6111111111113,1364.6111111111113,0.0,0.009920974201040588
1006,-1349.24609375,1349.24609375,0.0,0.009920974201040588
1007,-1473.8440996874515,1473.8440996874515,0.0,0.009920974201040588
1008,-1287.2361111111115,1287.2361111111115,0.0,0.009920974201040588
1009,-1340.833333333333,1340.833333333333,0.0,0.009920974201040588
1010,-1369.9056370009291,1367.9056370009291,2.0,0.009920974201040588
1011,-1609.343994140625,1609.343994140625,0.0,0.009920974201040588
1012,-1442.0000000000005,1442.0000000000005,0.0,0.009920974201040588
1013,-1337.4633206967953,1335.4633206967953,2.0,0.009920974201040588
1014,-1457.951171875,1457.951171875,0.0,0.009920974201040588
1015,-1540.0,1540.0,0.0,0.009920974201040588
1016,-1410.8321759259259,1410.8321759259259,0.0,0.009920974201040588
1017,-1343.9999999999998,1343.9999999999998,0.0,0.009920974201040588
1018,-1323.166232638889,1323.166232638889,0.0,0.009920974201040588
1019,-1511.0000000000002,1511.0000000000002,0.0,0.009920974201040588
1020,-1436.7552083333337,1436.7552083333337,0.0,0.009920974201040588
1021,-1399.6009747540504,1399.6009747540504,0.0,0.009920974201040588
1022,-1328.1051025390625,1328.1051025390625,0.0,0.009920974201040588
1023,-1500.9999999999998,1500.9999999999998,0.0,0.009920974201040588
1024,-1530.3131510416665,1530.3131510416665,0.0,0.009920974201040588
1025,-1516.7617187499998,1516.7617187499998,0.0,0.009920974201040588
1026,-1453.859537760417,1453.859537760417,0.0,0.009920974201040588
1027,-1452.2870788574216,1452.2870788574216,0.0,0.009920974201040588
1028,-1327.0,1327.0,0.0,0.009920974201040588
1029,-1566.0546875000005,1566.0546875000005,0.0,0.009920974201040588
1030,-1553.4999999999998,1553.4999999999998,0.0,0.009920974201040588
1031,-1500.75,1500.75,0.0,0.009920974201040588
1032,-1446.5011952718103,1446.5011952718103,0.0,0.009920974201040588
1033,-1589.9166666666658,1589.9166666666658,0.0,0.009920974201040588
1034,-1351.3163277362116,1351.3163277362116,0.0,0.009920974201040588
1035,-1342.041666666667,1342.041666666667,0.0,0.009920974201040588
1036,-1336.7026707017376,1336.7026707017376,0.0,0.009920974201040588
1037,-1501.9999999999998,1501.9999999999998,0.0,0.009920974201040588
1038,-1447.1302083333333,1447.1302083333333,0.0,0.009920974201040588
1039,-1522.3750000000002,1522.3750000000002,0.0,0.009920974201040588
1040,-1454.4374999999995,1454.4374999999995,0.0,0.009920974201040588
1041,-1580.4896428526247,1580.4896428526247,0.0,0.009920974201040588
1042,-1324.0000000000005,1324.0000000000005,0.0,0.009920974201040588
1043,-1650.7499999999995,1650.7499999999995,0.0,0.009920974201040588
1044,-1427.0000000000002,1427.0000000000002,0.0,0.009920974201040588
1045,-1588.4062499999998,1580.4062499999998,8.0,0.009920974201040588
1046,-1401.0510223765434,1401.0510223765434,0.0,0.009920974201040588
1047,-1472.8803369341572,1472.8803369341572,0.0,0.009920974201040588
1048,-1464.4236111111113,1464.4236111111113,0.0,0.009920974201040588
1049,-1494.9999999999998,1494.9999999999998,0.0,0.009920974201040588
1050,-1594.2500000000007,1594.2500000000007,0.0,0.009920974201040588
1051,-1533.9999999999998,1533.9999999999998,0.0,0.009920974201040588
1052,-1451.3198302469132,1451.3198302469132,0.0,0.009920974201040588
1053,-1412.0000000000002,1412.0000000000002,0.0,0.009920974201040588
1054,-1315.0833333333337,1315.0833333333337,0.0,0.009920974201040588
1055,-1420.1249999999995,1420.1249999999995,0.0,0.009920974201040588
1056,-1508.96875,1508.96875,0.0,0.009920974201040588
1057,-1448.6420898437498,1448.6420898437498,0.0,0.009920974201040588
1058,-1479.0,1479.0,0.0,0.009920974201040588
1059,-1532.7978515625,1527.7978515625,5.0,0.009920974201040588
1060,-1260.056640625,1260.056640625,0.0,0.009920974201040588
1061,-1358.791196469907,1358.791196469907,0.0,0.009920974201040588
1062,-1295.8776041666667,1295.8776041666667,0.0,0.009920974201040588
1063,-1513.4999999999998,1513.4999999999998,0.0,0.009920974201040588
1064,-1467.9218750000002,1467.9218750000002,0.0,0.009920974201040588
1065,-1362.6250000000002,1362.6250000000002,0.0,0.009920974201040588
1066,-1453.2656249999998,1453.2656249999998,0.0,0.009920974201040588
1067,-1521.75,1521.75,0.0,0.009920974201040588
1068,-1432.0000000000002,1432.0000000000002,0.0,0.009920974201040588
1069,-1384.0000000000002,1384.0000000000002,0.0,0.009920974201040588
1070,-1314.2316113224736,1314.2316113224736,0.0,0.009920974201040588
1071,-1350.607556509219,1350.607556509219,0.0,0.009920974201040588
1072,-1537.0000000000005,1537.0000000000005,0.0,0.009920974201040588
1073,-1669.4341634114583,1669.4341634114583,0.0,0.009920974201040588
1074,-1427.6666666666665,1427.6666666666665,0.0,0.009920974201040588
1075,-1437.900105794271,1437.900105794271,0.0,0.009920974201040588
1076,-1326.9999999999998,1326.9999999999998,0.0,0.009920974201040588
1077,-1338.7745587384256,1338.7745587384256,0.0,0.009920974201040588
1078,-1235.9999999999995,1235.9999999999995,0.0,0.009920974201040588
1079,-1554.91015625,1554.91015625,0.0,0.009920974201040588
1080,-1511.0000000000007,1503.0000000000007,8.0,0.009920974201040588
1081,-1385.6770833333333,1385.6770833333333,0.0,0.009920974201040588
1082,-1414.0000000000005,1414.0000000000005,0.0,0.009920974201040588
1083,-1489.1909722222222,1489.1909722222222,0.0,0.009920974201040588
1084,-1508.25,1508.25,0.0,0.009920974201040588
1085,-1552.3705127857352,1552.3705127857352,0.0,0.009920974201040588
1086,-1507.1588541666665,1507.1588541666665,0.0,0.009920974201040588
1087,-1366.8593750000002,1366.8593750000002,0.0,0.009920974201040588
1088,-1380.9999999999995,1380.9999999999995,0.0,0.009920974201040588
1089,-1453.0,1453.0,0.0,0.009920974201040588
1090,-1389.5937500000002,1389.5937500000002,0.0,0.009920974201040588
1091,-1431.3113923249423,1431.3113923249423,0.0,0.009920974201040588
1092,-1396.2510969325165,1396.2510969325165,0.0,0.009920974201040588
1093,-1460.4374999999998,1457.4374999999998,3.0,0.009920974201040588
1094,-1256.25,1254.25,2.0,0.009920974201040588
1095,-1385.7177734375002,1385.7177734375002,0.0,0.009920974201040588
1096,-1648.0524791160394,1648.0524791160394,0.0,0.009920974201040588
1097,-1393.3125000000002,1393.3125000000002,0.0,0.009920974201040588
1098,-1652.7091683608057,1652.7091683608057,0.0,0.009920974201040588
1099,-1437.5,1437.5,0.0,0.009920974201040588
1100,-1354.3572097619378,1354.3572097619378,0.0,0.009920974201040588
1101,-1550.75,1550.75,0.0,0.009920974201040588
1102,-1404.3719397650825,1404.3719397650825,0.0,0.009920974201040588
1103,-1429.0462239583333,1429.0462239583333,0.0,0.009920974201040588
1104,-1479.8125,1479.8125,0.0,0.009920974201040588
1105,-1480.453034577546,1480.453034577546,0.0,0.009920974201040588
1106,-1417.0,1417.0,0.0,0.009920974201040588
1107,-1297.4293438593545,1297.4293438593545,0.0,0.009920974201040588
1108,-1398.2109966094933,1398.2109966094933,0.0,0.009920974201040588
1109,-1430.5740740740744,1430.5740740740744,0.0,0.009920974201040588
1110,-1365.0,1365.0,0.0,0.009920974201040588
1111,-1492.25,1492.25,0.0,0.009920974201040588
1112,-1422.7499999999998,1422.7499999999998,0.0,0.009920974201040588
1113,-1367.0270080566406,1367.0270080566406,0.0,0.009920974201040588
1114,-1360.9999999999998,1360.9999999999998,0.0,0.009920974201040588
1115,-1591.476166407267,1591.476166407267,0.0,0.009920974201040588
1116,-1445.177083333333,1442.177083333333,3.0,0.009920974201040588
1117,-1357.4202473958335,1357.4202473958335,0.0,0.009920974201040588
1118,-1520.638671875,1520.638671875,0.0,0.009920974201040588
1119,-1452.9999999999998,1452.9999999999998,0.0,0.009920974201040588
1120,-1455.5000000000002,1455.5000000000002,0.0,0.009920974201040588
1121,-1471.999999999999,1471.999999999999,0.0,0.009920974201040588
1122,-1327.175081570943,1327.175081570943,0.0,0.009920974201040588
1123,-1466.0095486111118,1466.0095486111118,0.0,0.009920974201040588
1124,-1353.1875000000002,1351.1875000000002,2.0,0.009920974201040588
1125,-1223.5,1223.5,0.0,0.009920974201040588
1126,-1399.8055555555552,1399.8055555555552,0.0,0.009920974201040588
1127,-1564.4999999999993,1564.4999999999993,0.0,0.009920974201040588
1128,-1414.9999999999998,1414.9999999999998,0.0,0.009920974201040588
1129,-1549.0000000000002,1549.0000000000002,0.0,0.009920974201040588
1130,-1519.4865451388894,1519.4865451388894,0.0,0.009920974201040588
1131,-1465.6289062500002,1459.6289062500002,6.0,0.009920974201040588
1132,-1526.2212818287037,1526.2212818287037,0.0,0.009920974201040588
1133,-1445.2210889274688,1445.2210889274688,0.0,0.009920974201040588
1134,-1318.0,1318.0,0.0,0.009920974201040588
1135,-1400.5729166666663,1400.5729166666663,0.0,0.009920974201040588
1136,-1226.0000000000002,1226.0000000000002,0.0,0.009920974201040588
1137,-1329.234375,1329.234375,0.0,0.009920974201040588
1138,-1402.0000000000002,1399.0000000000002,3.0,0.009920974201040588
1139,-1566.5416666666672,1566.5416666666672,0.0,0.009920974201040588
1140,-1466.0000000000005,1466.0000000000005,0.0,0.009920974201040588
1141,-1615.9506615532764,1615.9506615532764,0.0,0.009920974201040588
1142,-1464.0,1464.0,0.0,0.009920974201040588
1143,-1640.3016916910804,1640.3016916910804,0.0,0.009920974201040588
1144,-1595.9999999999995,1595.9999999999995,0.0,0.009920974201040588
1145,-1380.4791666666667,1371.4791666666667,9.0,0.009920974201040588
1146,-1386.6171875,1386.6171875,0.0,0.009920974201040588
1147,-1436.2252956315797,1436.2252956315797,0.0,0.009920974201040588
1148,-1320.19482421875,1320.19482421875,0.0,0.009920974201040588
1149,-1385.8333333333333,1385.8333333333333,0.0,0.009920974201040588
1150,-1304.0,1304.0,0.0,0.009920974201040588
1151,-1350.2499999999995,1350.2499999999995,0.0,0.009920974201040588
1152,-1479.9251302083333,1479.9251302083333,0.0,0.009920974201040588
1153,-1332.5087890625002,1332.5087890625002,0.0,0.009920974201040588
1154,-1334.2326926119697,1334.2326926119697,0.0,0.009920974201040588
1155,-1371.5078124999995,1371.5078124999995,0.0,0.009920974201040588
1156,-1537.9496044455163,1537.9496044455163,0.0,0.009920974201040588
1157,-1372.3161494581666,1372.3161494581666,0.0,0.009920974201040588
1158,-1227.9852294921873,1227.9852294921873,0.0,0.009920974201040588
1159,-1544.1603717568485,1544.1603717568485,0.0,0.009920974201040588
1160,-1266.5833333333337,1266.5833333333337,0.0,0.009920974201040588
1161,-1394.1671427503038,1394.1671427503038,0.0,0.009920974201040588
1162,-1238.5833333333333,1238.5833333333333,0.0,0.009920974201040588
1163,-1461.0677083333337,1461.0677083333337,0.0,0.009920974201040588
1164,-1548.0785965389675,1548.0785965389675,0.0,0.009920974201040588
1165,-1596.9999999999998,1596.9999999999998,0.0,0.009920974201040588
1166,-1638.4999999999998,1638.4999999999998,0.0,0.009920974201040588
1167,-1485.8333333333333,1485.8333333333333,0.0,0.009920974201040588
1168,-1412.8156286168978,1412.8156286168978,0.0,0.009920974201040588
1169,-1385.3645833333333,1385.3645833333333,0.0,0.009920974201040588
1170,-1216.0241872087859,1216.0241872087859,0.0,0.009920974201040588
1171,-1522.913472493489,1522.913472493489,0.0,0.009920974201040588
1172,-1566.579861111111,1566.579861111111,0.0,0.009920974201040588
1173,-1281.25,1280.25,1.0,0.009920974201040588
1174,-1517.7499999999995,1517.7499999999995,0.0,0.009920974201040588
1175,-1287.6875,1287.6875,0.0,0.009920974201040588
1176,-1368.1255528485333,1368.1255528485333,0.0,0.009920974201040588
1177,-1452.3749999999995,1452.3749999999995,0.0,0.009920974201040588
1178,-1443.9999999999998,1443.9999999999998,0.0,0.009920974201040588
1179,-1264.9999999999995,1264.9999999999995,0.0,0.009920974201040588
1180,-1287.9999999999995,1287.9999999999995,0.0,0.009920974201040588
1181,-1424.7430555555557,1424.7430555555557,0.0,0.009920974201040588
1182,-1382.2070312500002,1382.2070312500002,0.0,0.009920974201040588
1183,-1315.0781250000002,1315.0781250000002,0.0,0.009920974201040588
1184,-1506.4999999999998,1506.4999999999998,0.0,0.009920974201040588
1185,-1351.696443881054,1351.696443881054,0.0,0.009920974201040588
1186,-1370.0,1370.0,0.0,0.009920974201040588
1187,-1615.270833333333,1615.270833333333,0.0,0.009920974201040588
1188,-1262.3269927413373,1262.3269927413373,0.0,0.009920974201040588
1189,-1494.25,1494.25,0.0,0.009920974201040588
1190,-1570.7656249999998,1570.7656249999998,0.0,0.009920974201040588
1191,-1406.3958333333335,1406.3958333333335,0.0,0.009920974201040588
1192,-1255.1032803853354,1255.1032803853354,0.0,0.009920974201040588
1193,-1290.4278428819443,1290.4278428819443,0.0,0.009920974201040588
1194,-1490.7485351562498,1490.7485351562498,0.0,0.009920974201040588
1195,-1277.0,1269.0,8.0,0.009920974201040588
1196,-1444.0000000000002,1444.0000000000002,0.0,0.009920974201040588
1197,-1501.0,1501.0,0.0,0.009920974201040588
1198,-1501.4404296875,1501.4404296875,0.0,0.009920974201040588
1199,-1347.0,1347.0,0.0,0.009920974201040588
1200,-1495.25,1495.25,0.0,0.009920974201040588
1201,-1627.1054687500005,1627.1054687500005,0.0,0.009920974201040588
1202,-1284.4065393518517,1284.4065393518517,0.0,0.009920974201040588
1203,-1669.5,1669.5,0.0,0.009920974201040588
1204,-1416.2499999999995,1416.2499999999995,0.0,0.009920974201040588
1205,-1533.1875,1533.1875,0.0,0.009920974201040588
1206,-1357.6704338921443,1352.6704338921443,5.0,0.009920974201040588
1207,-1383.25,1383.25,0.0,0.009920974201040588
1208,-1395.21875,1395.21875,0.0,0.009920974201040588
1209,-1364.0000000000005,1364.0000000000005,0.0,0.009920974201040588
1210,-1488.5,1488.5,0.0,0.009920974201040588
1211,-1509.9375,1509.9375,0.0,0.009920974201040588
1212,-1304.236111111111,1304.236111111111,0.0,0.009920974201040588
1213,-1371.5208333333333,1371.5208333333333,0.0,0.009920974201040588
1214,-1406.5625,1406.5625,0.0,0.009920974201040588
1215,-1480.3124999999998,1480.3124999999998,0.0,0.009920974201040588
1216,-1253.6442667643228,1253.6442667643228,0.0,0.009920974201040588
1217,-1501.3281249999995,1501.3281249999995,0.0,0.009920974201040588
1218,-1353.9062500000002,1353.9062500000002,0.0,0.009920974201040588
1219,-1443.6277405385142,1443.6277405385142,0.0,0.009920974201040588
1220,-1413.2500000000002,1413.2500000000002,0.0,0.009920974201040588
1221,-1421.703125,1421.703125,0.0,0.009920974201040588
1222,-1349.0000000000002,1347.0000000000002,2.0,0.009920974201040588
1223,-1487.9999999999995,1487.9999999999995,0.0,0.009920974201040588
1224,-1607.2656250000002,1607.2656250000002,0.0,0.009920974201040588
1225,-1380.5784505208333,1380.5784505208333,0.0,0.009920974201040588
1226,-1328.3389496008558,1328.3389496008558,0.0,0.009920974201040588
1227,-1468.8333333333333,1468.8333333333333,0.0,0.009920974201040588
1228,-1294.3906249999998,1294.3906249999998,0.0,0.009920974201040588
1229,-1429.3515625,1429.3515625,0.0,0.009920974201040588
1230,-1437.6113281250002,1437.6113281250002,0.0,0.009920974201040588
1231,-1333.78515625,1333.78515625,0.0,0.009920974201040588
1232,-1571.9999999999998,1571.9999999999998,0.0,0.009920974201040588
1233,-1417.437210648148,1417.437210648148,0.0,0.009920974201040588
1234,-1479.5,1479.5,0.0,0.009920974201040588
1235,-1307.0978732638887,1307.0978732638887,0.0,0.009920974201040588
1236,-1554.2129991319448,1553.2129991319448,1.0,0.009920974201040588
1237,-1429.0,1429.0,0.0,0.009920974201040588
1238,-1583.0580183565614,1583.0580183565614,0.0,0.009920974201040588
1239,-1894.3603161350195,1894.3603161350195,0.0,0.009920974201040588
1240,-1204.2109375000002,1204.2109375000002,0.0,0.009920974201040588
1241,-1455.625,1455.625,0.0,0.009920974201040588
1242,-1396.0937499999998,1396.0937499999998,0.0,0.009920974201040588
1243,-1286.0000000000002,1286.0000000000002,0.0,0.009920974201040588
1244,-1261.2977406713694,1261.2977406713694,0.0,0.009920974201040588
1245,-1526.4999999999998,1526.4999999999998,0.0,0.009920974201040588
1246,-1421.2632073296443,1421.2632073296443,0.0,0.009920974201040588
1247,-1314.4595992476854,1314.4595992476854,0.0,0.009920974201040588
1248,-1317.8489583333337,1317.8489583333337,0.0,0.009920974201040588
1249,-1410.041666666666,1410.041666666666,0.0,0.009920974201040588
1250,-1477.0000000000002,1477.0000000000002,0.0,0.009920974201040588
1251,-1422.4771321614585,1422.4771321614585,0.0,0.009920974201040588
1252,-1512.6164439519243,1512.6164439519243,0.0,0.009920974201040588
1253,-1297.8236016167532,1297.8236016167532,0.0,0.009920974201040588
1254,-1360.458333333333,1360.458333333333,0.0,0.009920974201040588
1255,-1505.5,1505.5,0.0,0.009920974201040588
1256,-1279.9999999999995,1279.9999999999995,0.0,0.009920974201040588
1257,-1461.580579969618,1461.580579969618,0.0,0.009920974201040588
1258,-1330.5,1330.5,0.0,0.009920974201040588
1259,-1466.25,1466.25,0.0,0.009920974201040588
1260,-1806.75,1806.75,0.0,0.009920974201040588
1261,-1453.8641493055554,1453.8641493055554,0.0,0.009920974201040588
1262,-1484.5208333333335,1484.5208333333335,0.0,0.009920974201040588
1263,-1409.5729166666667,1409.5729166666667,0.0,0.009920974201040588
1264,-1270.0,1264.0,6.0,0.009920974201040588
1265,-1657.8611111111109,1657.8611111111109,0.0,0.009920974201040588
1266,-1332.3333333333335,1332.3333333333335,0.0,0.009920974201040588
1267,-1417.7499999999998,1417.7499999999998,0.0,0.009920974201040588
1268,-1389.7692418981483,1389.7692418981483,0.0,0.009920974201040588
1269,-1387.166666666667,1378.166666666667,9.0,0.009920974201040588
1270,-1414.25,1414.25,0.0,0.009920974201040588
1271,-1310.3177083333333,1310.3177083333333,0.0,0.009920974201040588
1272,-1375.3143004115225,1375.3143004115225,0.0,0.009920974201040588
1273,-1421.2395833333335,1421.2395833333335,0.0,0.009920974201040588
1274,-1322.2421875,1322.2421875,0.0,0.009920974201040588
1275,-1498.0625,1498.0625,0.0,0.009920974201040588
1276,-1538.0,1538.0,0.0,0.009920974201040588
1277,-1344.4999999999998,1344.4999999999998,0.0,0.009920974201040588
1278,-1327.625,1327.625,0.0,0.009920974201040588
1279,-1474.0,1474.0,0.0,0.009920974201040588
1280,-1536.5833333333333,1536.5833333333333,0.0,0.009920974201040588
1281,-1535.6121646730626,1535.6121646730626,0.0,0.009920974201040588
1282,-1412.0,1412.0,0.0,0.009920974201040588
1283,-1438.5573654174802,1438.5573654174802,0.0,0.009920974201040588
1284,-1348.9999999999998,1348.9999999999998,0.0,0.009920974201040588
1285,-1368.5,1368.5,0.0,0.009920974201040588
1286,-1493.7222222222226,1493.7222222222226,0.0,0.009920974201040588
1287,-1567.0,1567.0,0.0,0.009920974201040588
1288,-1153.8359374999998,1153.8359374999998,0.0,0.009920974201040588
1289,-1311.3402777777776,1311.3402777777776,0.0,0.009920974201040588
1290,-1319.25,1319.25,0.0,0.009920974201040588
1291,-1314.2237158462674,1314.2237158462674,0.0,0.009920974201040588
1292,-1401.2145061728397,1401.2145061728397,0.0,0.009920974201040588
1293,-1280.2899017333982,1280.2899017333982,0.0,0.009920974201040588
1294,-1564.6250000000002,1564.6250000000002,0.0,0.009920974201040588
1295,-1446.6197916666665,1435.6197916666665,11.0,0.009920974201040588
1296,-1452.243967285587,1452.243967285587,0.0,0.009920974201040588
1297,-1513.4884831934803,1513.4884831934803,0.0,0.009920974201040588
1298,-1336.0,1336.0,0.0,0.009920974201040588
1299,-1624.0000000000002,1624.0000000000002,0.0,0.009920974201040588
1300,-1617.6354166666665,1617.6354166666665,0.0,0.009920974201040588
1301,-1427.0156250000002,1427.0156250000002,0.0,0.009920974201040588
1302,-1335.0,1335.0,0.0,0.009920974201040588
1303,-1646.9999999999998,1646.9999999999998,0.0,0.009920974201040588
1304,-1427.6210937499998,1427.6210937499998,0.0,0.009920974201040588
1305,-1667.0000000000002,1667.0000000000002,0.0,0.009920974201040588
1306,-1323.9565791377315,1323.9565791377315,0.0,0.009920974201040588
1307,-1434.7580023871528,1434.7580023871528,0.0,0.009920974201040588
1308,-1488.1874999999995,1488.1874999999995,0.0,0.009920974201040588
1309,-1245.0000000000005,1245.0000000000005,0.0,0.009920974201040588
1310,-1353.2616419964554,1353.2616419964554,0.0,0.009920974201040588
1311,-1289.0755858244722,1289.0755858244722,0.0,0.009920974201040588
1312,-1564.9340277777778,1564.9340277777778,0.0,0.009920974201040588
1313,-1364.3750000000002,1364.3750000000002,0.0,0.009920974201040588
1314,-1369.5000000000002,1369.5000000000002,0.0,0.009920974201040588
1315,-1373.0986328125002,1373.0986328125002,0.0,0.009920974201040588
1316,-1633.2067871093748,1633.2067871093748,0.0,0.009920974201040588
1317,-1474.0,1474.0,0.0,0.009920974201040588
1318,-1414.666666666667,1414.666666666667,0.0,0.009920974201040588
1319,-1241.9999999999995,1241.9999999999995,0.0,0.009920974201040588
1320,-1401.662109375,1401.662109375,0.0,0.009920974201040588
1321,-1384.0,1378.0,6.0,0.009920974201040588
1322,-1483.4062499999995,1483.4062499999995,0.0,0.009920974201040588
1323,-1376.5688476562498,1376.5688476562498,0.0,0.009920974201040588
1324,-1585.4244791666667,1585.4244791666667,0.0,0.009920974201040588
1325,-1553.7499999999998,1553.7499999999998,0.0,0.009920974201040588
1326,-1391.0000000000005,1389.0000000000005,2.0,0.009920974201040588
1327,-1574.2499999999998,1574.2499999999998,0.0,0.009920974201040588
1328,-1463.0000000000002,1463.0000000000002,0.0,0.009920974201040588
1329,-1392.611111111111,1392.611111111111,0.0,0.009920974201040588
1330,-1389.3888888888887,1389.3888888888887,0.0,0.009920974201040588
1331,-1559.213541666667,1559.213541666667,0.0,0.009920974201040588
1332,-1644.7777777777776,1644.7777777777776,0.0,0.009920974201040588
1333,-1309.25,1309.25,0.0,0.009920974201040588
1334,-1292.7407407407404,1292.7407407407404,0.0,0.009920974201040588
1335,-1339.1827528211804,1339.1827528211804,0.0,0.009920974201040588
1336,-1453.7499999999998,1453.7499999999998,0.0,0.009920974201040588
1337,-1506.7392578125,1506.7392578125,0.0,0.009920974201040588
1338,-1370.720486111111,1370.720486111111,0.0,0.009920974201040588
1339,-1423.0052083333337,1423.0052083333337,0.0,0.009920974201040588
1340,-1432.5,1432.5,0.0,0.009920974201040588
1341,-1489.71728515625,1489.71728515625,0.0,0.009920974201040588
1342,-1379.4375000000002,1379.4375000000002,0.0,0.009920974201040588
1343,-1341.6688073476155,1341.6688073476155,0.0,0.009920974201040588
1344,-1542.6851851851852,1542.6851851851852,0.0,0.009920974201040588
1345,-1542.81640625,1542.81640625,0.0,0.009920974201040588
1346,-1642.748372395833,1642.748372395833,0.0,0.009920974201040588
1347,-1352.3333333333335,1352.3333333333335,0.0,0.009920974201040588
1348,-1503.2502574509492,1503.2502574509492,0.0,0.009920974201040588
1349,-1492.0000000000007,1492.0000000000007,0.0,0.009920974201040588
1350,-1507.4687499999998,1507.4687499999998,0.0,0.009920974201040588
1351,-1397.9791666666667,1397.9791666666667,0.0,0.009920974201040588
1352,-1580.0000000000002,1580.0000000000002,0.0,0.009920974201040588
1353,-1371.5625,1359.5625,12.0,0.009920974201040588
1354,-1413.6249999999995,1413.6249999999995,0.0,0.009920974201040588
1355,-1273.825954861111,1273.825954861111,0.0,0.009920974201040588
1356,-1489.2260109230326,1489.2260109230326,0.0,0.009920974201040588
1357,-1427.625,1427.625,0.0,0.009920974201040588
1358,-1348.4375000000005,1348.4375000000005,0.0,0.009920974201040588
1359,-1553.9999999999998,1553.9999999999998,0.0,0.009920974201040588
1360,-1425.0930077823589,1425.0930077823589,0.0,0.009920974201040588
1361,-1418.3125000000002,1418.3125000000002,0.0,0.009920974201040588
1362,-1420.9999999999998,1420.9999999999998,0.0,0.009920974201040588
1363,-1567.620442708333,1567.620442708333,0.0,0.009920974201040588
1364,-1584.8502604166667,1584.8502604166667,0.0,0.009920974201040588
1365,-1488.4531250000002,1488.4531250000002,0.0,0.009920974201040588
1366,-1407.4623168276094,1407.4623168276094,0.0,0.009920974201040588
1367,-1285.1553819444446,1285.1553819444446,0.0,0.009920974201040588
1368,-1458.2500000000007,1458.2500000000007,0.0,0.009920974201040588
1369,-1390.15625,1390.15625,0.0,0.009920974201040588
1370,-1514.731024787198,1514.731024787198,0.0,0.009920974201040588
1371,-1352.4791666666665,1352.4791666666665,0.0,0.009920974201040588
1372,-1358.0,1358.0,0.0,0.009920974201040588
1373,-1552.1130246762875,1552.1130246762875,0.0,0.009920974201040588
1374,-1538.7084011501736,1538.7084011501736,0.0,0.009920974201040588
1375,-1485.25,1485.25,0.0,0.009920974201040588
1376,-1434.0,1434.0,0.0,0.009920974201040588
1377,-1288.7291666666667,1288.7291666666667,0.0,0.009920974201040588
1378,-1464.1402130010672,1464.1402130010672,0.0,0.009920974201040588
1379,-1557.3333333333335,1557.3333333333335,0.0,0.009920974201040588
1380,-1508.0000000000005,1508.0000000000005,0.0,0.009920974201040588
1381,-1333.745442708334,1333.745442708334,0.0,0.009920974201040588
1382,-1485.5295864343648,1485.5295864343648,0.0,0.009920974201040588
1383,-1592.6666666666667,1592.6666666666667,0.0,0.009920974201040588
1384,-1428.0000000000002,1428.0000000000002,0.0,0.009920974201040588
1385,-1549.2473984095789,1541.2473984095789,8.0,0.009920974201040588
1386,-1360.625,1360.625,0.0,0.009920974201040588
1387,-1446.0,1446.0,0.0,0.009920974201040588
1388,-1364.2480468749998,1364.2480468749998,0.0,0.009920974201040588
1389,-1464.25,1464.25,0.0,0.009920974201040588
1390,-1430.1406250000002,1430.1406250000002,0.0,0.009920974201040588
1391,-1302.4374999999998,1302.4374999999998,0.0,0.009920974201040588
1392,-1503.2499999999995,1503.2499999999995,0.0,0.009920974201040588
1393,-1342.2752905951613,1342.2752905951613,0.0,0.009920974201040588
1394,-1480.8361296791104,1480.8361296791104,0.0,0.009920974201040588
1395,-1365.9999999999995,1365.9999999999995,0.0,0.009920974201040588
1396,-1395.9999999999998,1395.9999999999998,0.0,0.009920974201040588
1397,-1389.5618489583333,1389.5618489583333,0.0,0.009920974201040588
1398,-1527.0,1527.0,0.0,0.009920974201040588
1399,-1487.9911488922535,1487.9911488922535,0.0,0.009920974201040588
1400,-1322.9999999999998,1322.9999999999998,0.0,0.009920974201040588
1401,-1534.0,1534.0,0.0,0.009920974201040588
1402,-1513.4780441890537,1513.4780441890537,0.0,0.009920974201040588
1403,-1642.3828125000007,1642.3828125000007,0.0,0.009920974201040588
1404,-1557.6406249999995,1557.6406249999995,0.0,0.009920974201040588
1405,-1380.90625,1380.90625,0.0,0.009920974201040588
1406,-1440.0,1440.0,0.0,0.009920974201040588
1407,-1371.9999999999998,1371.9999999999998,0.0,0.009920974201040588
1408,-1372.6156684027776,1372.6156684027776,0.0,0.009920974201040588
1409,-1375.9560004340278,1375.9560004340278,0.0,0.009920974201040588
1410,-1483.4062499999998,1483.4062499999998,0.0,0.009920974201040588
1411,-1405.3969907407404,1405.3969907407404,0.0,0.009920974201040588
1412,-1640.2499999999998,1640.2499999999998,0.0,0.009920974201040588
1413,-1431.2314453124998,1431.2314453124998,0.0,0.009920974201040588
1414,-1537.0,1537.0,0.0,0.009920974201040588
1415,-1435.9375000000002,1428.9375000000002,7.0,0.009920974201040588
1416,-1557.6640625000002,1557.6640625000002,0.0,0.009920974201040588
1417,-1346.125,1345.125,1.0,0.009920974201040588
1418,-1244.0125431013696,1244.0125431013696,0.0,0.009920974201040588
1419,-1510.2499999999998,1510.2499999999998,0.0,0.009920974201040588
1420,-1526.6875,1526.6875,0.0,0.009920974201040588
1421,-1294.3043472070262,1292.3043472070262,2.0,0.009920974201040588
1422,-1521.296875,1514.2968750000002,7.0,0.009920974201040588
1423,-1463.8750000000002,1463.8750000000002,0.0,0.009920974201040588
1424,-1552.3768146656178,1552.3768146656178,0.0,0.009920974201040588
1425,-1563.314711394133,1563.314711394133,0.0,0.009920974201040588
1426,-1472.3124999999995,1472.3124999999995,0.0,0.009920974201040588
1427,-1607.0,1607.0,0.0,0.009920974201040588
1428,-1578.5997721354165,1578.5997721354165,0.0,0.009920974201040588
1429,-1294.9218749999995,1294.9218749999995,0.0,0.009920974201040588
1430,-1460.2291666666665,1460.2291666666665,0.0,0.009920974201040588
1431,-1539.5624999999998,1539.5624999999998,0.0,0.009920974201040588
1432,-1404.0372721354165,1404.0372721354165,0.0,0.009920974201040588
1433,-1655.7499999999998,1655.7499999999998,0.0,0.009920974201040588
1434,-1433.9999999999998,1433.9999999999998,0.0,0.009920974201040588
1435,-1416.801547580295,1416.801547580295,0.0,0.009920974201040588
1436,-1431.9070038265647,1431.9070038265647,0.0,0.009920974201040588
1437,-1341.9049479166667,1341.9049479166667,0.0,0.009920974201040588
1438,-1370.4678819444446,1370.4678819444446,0.0,0.009920974201040588
1439,-1457.0000000000002,1457.0000000000002,0.0,0.009920974201040588
1440,-1381.583333333333,1372.583333333333,9.0,0.009920974201040588
1441,-1548.9166666666665,1548.9166666666665,0.0,0.009920974201040588
1442,-1457.955268012153,1457.955268012153,0.0,0.009920974201040588
1443,-1395.34375,1395.34375,0.0,0.009920974201040588
1444,-1501.5262586805557,1501.5262586805557,0.0,0.009920974201040588
1445,-1420.8125,1420.8125,0.0,0.009920974201040588
1446,-1560.4627188223378,1557.4627188223378,3.0,0.009920974201040588
1447,-1613.2704716435185,1613.2704716435185,0.0,0.009920974201040588
1448,-1251.7734375,1251.7734375,0.0,0.009920974201040588
1449,-1440.3923611111109,1440.3923611111109,0.0,0.009920974201040588
1450,-1321.2167968749998,1321.2167968749998,0.0,0.009920974201040588
1451,-1456.5000000000002,1456.5000000000002,0.0,0.009920974201040588
1452,-1582.7530670166013,1582.7530670166013,0.0,0.009920974201040588
1453,-1494.0002568562827,1493.0002568562827,1.0,0.009920974201040588
1454,-1347.8546006944441,1347.8546006944441,0.0,0.009920974201040588
1455,-1210.8486328125,1210.8486328125,0.0,0.009920974201040588
1456,-1400.0000000000002,1400.0000000000002,0.0,0.009920974201040588
1457,-1347.177083333333,1347.177083333333,0.0,0.009920974201040588
1458,-1314.7499999999995,1314.7499999999995,0.0,0.009920974201040588
1459,-1524.4176584879556,1524.4176584879556,0.0,0.009920974201040588
1460,-1431.125,1431.125,0.0,0.009920974201040588
1461,-1511.3141276041665,1511.3141276041665,0.0,0.009920974201040588
1462,-1369.0000000000002,1369.0000000000002,0.0,0.009920974201040588
1463,-1436.6726548936633,1436.6726548936633,0.0,0.009920974201040588
1464,-1334.9999999999998,1334.9999999999998,0.0,0.009920974201040588
1465,-1510.0,1509.0,1.0,0.009920974201040588
1466,-1417.0468686421711,1417.0468686421711,0.0,0.009920974201040588
1467,-1367.0,1367.0,0.0,0.009920974201040588
1468,-1390.5947265625002,1390.5947265625002,0.0,0.009920974201040588
1469,-1464.9375,1464.9375,0.0,0.009920974201040588
1470,-1423.166666666666,1423.166666666666,0.0,0.009920974201040588
1471,-1486.6583658854163,1484.6583658854163,2.0,0.009920974201040588
1472,-1273.1106363461338,1273.1106363461338,0.0,0.009920974201040588
1473,-1506.5000000000005,1506.5000000000005,0.0,0.009920974201040588
1474,-1589.0,1589.0,0.0,0.009920974201040588
1475,-1622.6464843749998,1622.6464843749998,0.0,0.009920974201040588
1476,-1487.202473958333,1487.202473958333,0.0,0.009920974201040588
1477,-1527.6387924382716,1527.6387924382716,0.0,0.009920974201040588
1478,-1373.3194444444443,1373.3194444444443,0.0,0.009920974201040588
1479,-1391.7499999999998,1391.7499999999998,0.0,0.009920974201040588
1480,-1419.7473958333335,1419.7473958333335,0.0,0.009920974201040588
1481,-1475.3414351851854,1475.3414351851854,0.0,0.009920974201040588
1482,-1357.843098958333,1357.843098958333,0.0,0.009920974201040588
1483,-1380.3425292968745,1380.3425292968745,0.0,0.009920974201040588
1484,-1395.9028755419047,1395.9028755419047,0.0,0.009920974201040588
1485,-1497.4895833333337,1497.4895833333337,0.0,0.009920974201040588
1486,-1245.84375,1245.84375,0.0,0.009920974201040588
1487,-1129.25,1125.25,4.0,0.009920974201040588
1488,-1401.9375000000002,1401.9375000000002,0.0,0.009920974201040588
1489,-1470.0000000000002,1470.0000000000002,0.0,0.009920974201040588
1490,-1542.0,1542.0,0.0,0.009920974201040588
1491,-1442.9999999999998,1442.9999999999998,0.0,0.009920974201040588
1492,-1380.663533528646,1380.663533528646,0.0,0.009920974201040588
1493,-1426.0000000000002,1426.0000000000002,0.0,0.009920974201040588
1494,-1258.8333333333333,1258.8333333333333,0.0,0.009920974201040588
1495,-1439.0,1439.0,0.0,0.009920974201040588
1496,-1385.0625000000002,1385.0625000000002,0.0,0.009920974201040588
1497,-1469.2499999999998,1469.2499999999998,0.0,0.009920974201040588
1498,-1423.34375,1423.34375,0.0,0.009920974201040588
1499,-1434.8333333333333,1434.8333333333333,0.0,0.009920974201040588
1500,-1341.0000000000002,1339.0000000000002,2.0,0.009920974201040588
1501,-1371.0000000000002,1371.0000000000002,0.0,0.009920974201040588
1502,-1312.0,1312.0,0.0,0.009920974201040588
1503,-1551.2499999999998,1551.2499999999998,0.0,0.009920974201040588
1504,-1461.0742187499998,1461.0742187499998,0.0,0.009920974201040588
1505,-1398.6718749999998,1398.6718749999998,0.0,0.009920974201040588
1506,-1450.4687499999998,1450.4687499999998,0.0,0.009920974201040588
1507,-1532.9514802296956,1532.9514802296956,0.0,0.009920974201040588
1508,-1447.0833333333335,1447.0833333333335,0.0,0.009920974201040588
1509,-1583.4020182291665,1583.4020182291665,0.0,0.009920974201040588
1510,-1271.7636718750005,1265.7636718750005,6.0,0.009920974201040588
1511,-1395.8124999999993,1395.8124999999993,0.0,0.009920974201040588
1512,-1375.802766164144,1375.802766164144,0.0,0.009920974201040588
1513,-1434.0000000000005,1434.0000000000005,0.0,0.009920974201040588
1514,-1431.981481481481,1431.981481481481,0.0,0.009920974201040588
1515,-1511.6245373636484,1511.6245373636484,0.0,0.009920974201040588
1516,-1228.0000000000002,1228.0000000000002,0.0,0.009920974201040588
1517,-1648.805257161458,1648.805257161458,0.0,0.009920974201040588
1518,-1455.7685546874998,1455.7685546874998,0.0,0.009920974201040588
1519,-1559.379973409215,1559.379973409215,0.0,0.009920974201040588
1520,-1666.6925455729167,1666.6925455729167,0.0,0.009920974201040588
1521,-1475.6249999999998,1475.6249999999998,0.0,0.009920974201040588
1522,-1485.3958333333333,1485.3958333333333,0.0,0.009920974201040588
1523,-1287.625,1287.625,0.0,0.009920974201040588
1524,-1370.1666666666667,1363.1666666666667,7.0,0.009920974201040588
1525,-1499.25,1499.25,0.0,0.009920974201040588
1526,-1556.9999999999995,1556.9999999999995,0.0,0.009920974201040588
1527,-1602.0,1602.0,0.0,0.009920974201040588
1528,-1253.0000000000005,1253.0000000000005,0.0,0.009920974201040588
1529,-1524.7923177083333,1524.7923177083333,0.0,0.009920974201040588
1530,-1430.3125000000002,1430.3125000000002,0.0,0.009920974201040588
1531,-1435.9814814814815,1435.9814814814815,0.0,0.009920974201040588
1532,-1466.4166666666667,1466.4166666666667,0.0,0.009920974201040588
1533,-1609.9375,1609.9375,0.0,0.009920974201040588
1534,-1548.5120849609375,1548.5120849609375,0.0,0.009920974201040588
1535,-1515.6875000000002,1515.6875000000002,0.0,0.009920974201040588
1536,-1545.0,1545.0,0.0,0.009920974201040588
1537,-1359.5069444444443,1359.5069444444443,0.0,0.009920974201040588
1538,-1238.1453993055557,1238.1453993055557,0.0,0.009920974201040588
1539,-1436.3125000000002,1434.3125000000002,2.0,0.009920974201040588
1540,-1468.9908523559568,1468.9908523559568,0.0,0.009920974201040588
1541,-1527.0959251545098,1527.0959251545098,0.0,0.009920974201040588
1542,-1523.7963867187493,1523.7963867187493,0.0,0.009920974201040588
1543,-1344.9999999999998,1344.9999999999998,0.0,0.009920974201040588
1544,-1496.0000000000002,1496.0000000000002,0.0,0.009920974201040588
1545,-1170.2735608415678,1170.2735608415678,0.0,0.009920974201040588
1546,-1574.04871350306,1574.04871350306,0.0,0.009920974201040588
1547,-1251.0,1251.0,0.0,0.009920974201040588
1548,-1446.7473958333333,1446.7473958333333,0.0,0.009920974201040588
1549,-1709.708333333333,1709.708333333333,0.0,0.009920974201040588
1550,-1449.6666666666667,1449.6666666666667,0.0,0.009920974201040588
1551,-1478.148148148148,1478.148148148148,0.0,0.009920974201040588
1552,-1485.0625,1485.0625,0.0,0.009920974201040588
1553,-1641.0,1641.0,0.0,0.009920974201040588
1554,-1309.0,1309.0,0.0,0.009920974201040588
1555,-1397.6327070071377,1397.6327070071377,0.0,0.009920974201040588
1556,-1417.75,1417.75,0.0,0.009920974201040588
1557,-1400.9999999999998,1400.9999999999998,0.0,0.009920974201040588
1558,-1482.375,1482.375,0.0,0.009920974201040588
1559,-1398.5,1398.5,0.0,0.009920974201040588
1560,-1428.2922566731766,1428.2922566731766,0.0,0.009920974201040588
1561,-1463.625,1463.625,0.0,0.009920974201040588
1562,-1260.2500000000002,1255.2500000000002,5.0,0.009920974201040588
1563,-1468.6296296296293,1468.6296296296293,0.0,0.009920974201040588
1564,-1317.2222222222222,1317.2222222222222,0.0,0.009920974201040588
1565,-1229.5728352864585,1229.5728352864585,0.0,0.009920974201040588
1566,-1508.0,1508.0,0.0,0.009920974201040588
1567,-1604.2741292317705,1604.2741292317705,0.0,0.009920974201040588
1568,-1256.40811873071,1256.40811873071,0.0,0.009920974201040588
1569,-1429.5000000000002,1429.5000000000002,0.0,0.009920974201040588
1570,-1502.0208333333335,1502.0208333333335,0.0,0.009920974201040588
1571,-1444.25,1444.25,0.0,0.009920974201040588
1572,-1488.0,1488.0,0.0,0.009920974201040588
1573,-1342.7500000000005,1342.7500000000005,0.0,0.009920974201040588
1574,-1450.541666666666,1450.541666666666,0.0,0.009920974201040588
1575,-1315.7504340277778,1315.7504340277778,0.0,0.009920974201040588
1576,-1579.8750000000002,1570.8750000000002,9.0,0.009920974201040588
1577,-1476.8089983904804,1476.8089983904804,0.0,0.009920974201040588
1578,-1305.0000000000007,1305.0000000000007,0.0,0.009920974201040588
1579,-1350.1666666666672,1350.1666666666672,0.0,0.009920974201040588
1580,-1403.3854166666667,1403.3854166666667,0.0,0.009920974201040588
1581,-1539.0000000000002,1539.0000000000002,0.0,0.009920974201040588
1582,-1504.0000000000002,1504.0000000000002,0.0,0.009920974201040588
1583,-1404.6953125000002,1404.6953125000002,0.0,0.009920974201040588
1584,-1470.6031595865882,1470.6031595865882,0.0,0.009920974201040588
1585,-1382.000000000001,1382.000000000001,0.0,0.009920974201040588
1586,-1260.2500000000007,1260.2500000000007,0.0,0.009920974201040588
1587,-1326.3281250000005,1326.3281250000005,0.0,0.009920974201040588
1588,-1507.9999999999998,1507.9999999999998,0.0,0.009920974201040588
1589,-1457.9999999999998,1457.9999999999998,0.0,0.009920974201040588
1590,-1419.3671874999998,1419.3671874999998,0.0,0.009920974201040588
1591,-1306.9999999999998,1306.9999999999998,0.0,0.009920974201040588
1592,-1629.0833333333333,1629.0833333333333,0.0,0.009920974201040588
1593,-1438.0,1438.0,0.0,0.009920974201040588
1594,-1398.5677083333335,1398.5677083333335,0.0,0.009920974201040588
1595,-1400.6851851851854,1400.6851851851854,0.0,0.009920974201040588
1596,-1350.7291666666667,1350.7291666666667,0.0,0.009920974201040588
1597,-1428.0,1428.0,0.0,0.009920974201040588
1598,-1521.2499999999995,1521.2499999999995,0.0,0.009920974201040588
1599,-1316.0,1316.0,0.0,0.009920974201040588
1600,-1355.5000000000002,1355.5000000000002,0.0,0.009920974201040588
1601,-1325.0,1321.0000000000002,4.0,0.009920974201040588
1602,-1513.8333333333333,1513.8333333333333,0.0,0.009920974201040588
1603,-1503.0,1503.0,0.0,0.009920974201040588
1604,-1276.6041928631305,1276.6041928631305,0.0,0.009920974201040588
1605,-1476.0000000000002,1476.0000000000002,0.0,0.009920974201040588
1606,-1465.1630859374998,1465.1630859374998,0.0,0.009920974201040588
1607,-1385.3125000000002,1385.3125000000002,0.0,0.009920974201040588
1608,-1388.4444444444446,1388.4444444444446,0.0,0.009920974201040588
1609,-1540.0,1540.0,0.0,0.009920974201040588
1610,-1434.0,1434.0,0.0,0.009920974201040588
1611,-1343.5416666666667,1343.5416666666667,0.0,0.009920974201040588
1612,-1468.6927083333335,1468.6927083333335,0.0,0.009920974201040588
1613,-1421.2024408976235,1421.2024408976235,0.0,0.009920974201040588
1614,-1484.5000000000005,1484.5000000000005,0.0,0.009920974201040588
1615,-1551.5833333333333,1551.5833333333333,0.0,0.009920974201040588
1616,-1455.4806441730925,1455.4806441730925,0.0,0.009920974201040588
1617,-1559.7499999999995,1559.7499999999995,0.0,0.009920974201040588
1618,-1512.3506944444443,1512.3506944444443,0.0,0.009920974201040588
1619,-1403.1136836299195,1403.1136836299195,0.0,0.009920974201040588
1620,-1574.916666666667,1570.916666666667,4.0,0.009920974201040588
1621,-1514.1096700032554,1514.1096700032554,0.0,0.009920974201040588
1622,-1466.9648437500002,1466.9648437500002,0.0,0.009920974201040588
1623,-1284.7499999999998,1284.7499999999998,0.0,0.009920974201040588
1624,-1619.9466145833335,1619.9466145833335,0.0,0.009920974201040588
1625,-1324.3645833333335,1324.3645833333335,0.0,0.009920974201040588
1626,-1396.9999999999993,1396.9999999999993,0.0,0.009920974201040588
1627,-1551.0000000000002,1551.0000000000002,0.0,0.009920974201040588
1628,-1351.1354166666672,1351.1354166666672,0.0,0.009920974201040588
1629,-1462.0000000000002,1462.0000000000002,0.0,0.009920974201040588
1630,-1454.0378125309942,1454.0378125309942,0.0,0.009920974201040588
1631,-1501.005144032922,1501.005144032922,0.0,0.009920974201040588
1632,-1261.5,1261.5,0.0,0.009920974201040588
1633,-1372.6666666666663,1372.6666666666663,0.0,0.009920974201040588
1634,-1396.21875,1396.21875,0.0,0.009920974201040588
1635,-1446.0000000000002,1446.0000000000002,0.0,0.009920974201040588
1636,-1373.75,1373.75,0.0,0.009920974201040588
1637,-1340.2226562500002,1340.2226562500002,0.0,0.009920974201040588
1638,-1401.5000000000002,1401.5000000000002,0.0,0.009920974201040588
1639,-1217.4999999999998,1217.4999999999998,0.0,0.009920974201040588
1640,-1340.25,1340.25,0.0,0.009920974201040588
1641,-1350.28125,1350.28125,0.0,0.009920974201040588
1642,-1664.0138888888885,1664.0138888888885,0.0,0.009920974201040588
1643,-1396.2018229166665,1396.2018229166665,0.0,0.009920974201040588
1644,-1526.15625,1526.15625,0.0,0.009920974201040588
1645,-1382.379557291666,1382.379557291666,0.0,0.009920974201040588
1646,-1399.0,1399.0,0.0,0.009920974201040588
1647,-1542.293212890625,1542.293212890625,0.0,0.009920974201040588
1648,-1341.495920817057,1341.495920817057,0.0,0.009920974201040588
1649,-1486.9479166666663,1486.9479166666663,0.0,0.009920974201040588
1650,-1443.0,1443.0,0.0,0.009920974201040588
1651,-1495.84375,1495.84375,0.0,0.009920974201040588
1652,-1332.8557205932789,1332.8557205932789,0.0,0.009920974201040588
1653,-1410.5634765624998,1410.5634765624998,0.0,0.009920974201040588
1654,-1354.5,1354.5,0.0,0.009920974201040588
1655,-1360.3750000000002,1360.3750000000002,0.0,0.009920974201040588
1656,-1302.5169307599883,1302.5169307599883,0.0,0.009920974201040588
1657,-1505.6914525284228,1505.6914525284228,0.0,0.009920974201040588
1658,-1333.4887847900393,1333.4887847900393,0.0,0.009920974201040588
1659,-1511.7404785156248,1511.7404785156248,0.0,0.009920974201040588
1660,-1440.5000000000002,1440.5000000000002,0.0,0.009920974201040588
1661,-1716.6934156378602,1716.6934156378602,0.0,0.009920974201040588
1662,-1461.3894859631537,1461.3894859631537,0.0,0.009920974201040588
1663,-1439.7001139322917,1439.7001139322917,0.0,0.009920974201040588
1664,-1410.4375,1410.4375,0.0,0.009920974201040588
1665,-1339.4999999999998,1339.4999999999998,0.0,0.009920974201040588
1666,-1642.0,1642.0,0.0,0.009920974201040588
1667,-1501.9999999999998,1501.9999999999998,0.0,0.009920974201040588
1668,-1373.1484374999998,1373.1484374999998,0.0,0.009920974201040588
1669,-1494.0000000000002,1494.0000000000002,0.0,0.009920974201040588
1670,-1341.336226851852,1341.336226851852,0.0,0.009920974201040588
1671,-1493.9999999999998,1493.9999999999998,0.0,0.009920974201040588
1672,-1179.827441212753,1179.827441212753,0.0,0.009920974201040588
1673,-1363.0000000000005,1363.0000000000005,0.0,0.009920974201040588
1674,-1326.125,1326.125,0.0,0.009920974201040588
1675,-1394.5937499999998,1394.5937499999998,0.0,0.009920974201040588
1676,-1331.0000000000005,1331.0000000000005,0.0,0.009920974201040588
1677,-1379.5000000000002,1379.5000000000002,0.0,0.009920974201040588
1678,-1466.0000000000002,1466.0000000000002,0.0,0.009920974201040588
1679,-1603.0000000000007,1603.0000000000007,0.0,0.009920974201040588
1680,-1259.8427197491687,1259.8427197491687,0.0,0.009920974201040588
1681,-1289.0000000000005,1289.0000000000005,0.0,0.009920974201040588
1682,-1436.0,1436.0,0.0,0.009920974201040588
1683,-1435.4140625,1435.4140625,0.0,0.009920974201040588
1684,-1296.8194444444446,1296.8194444444446,0.0,0.009920974201040588
1685,-1352.0729166666672,1352.0729166666672,0.0,0.009920974201040588
1686,-1495.7777777777783,1495.7777777777783,0.0,0.009920974201040588
1687,-1399.6250000000002,1399.6250000000002,0.0,0.009920974201040588
1688,-1429.708333333333,1429.708333333333,0.0,0.009920974201040588
1689,-1382.2187500000002,1382.2187500000002,0.0,0.009920974201040588
1690,-1438.0,1438.0,0.0,0.009920974201040588
1691,-1647.4999999999998,1641.4999999999998,6.0,0.009920974201040588
1692,-1461.515625,1461.515625,0.0,0.009920974201040588
1693,-1430.0000000000002,1430.0000000000002,0.0,0.009920974201040588
1694,-1301.2499999999995,1301.2499999999995,0.0,0.009920974201040588
1695,-1393.2529958089194,1393.2529958089194,0.0,0.009920974201040588
1696,-1499.0,1499.0,0.0,0.009920974201040588
1697,-1392.0,1391.0,1.0,0.009920974201040588
1698,-1280.5000000000007,1280.5000000000007,0.0,0.009920974201040588
1699,-1458.0000000000002,1458.0000000000002,0.0,0.009920974201040588
1700,-1367.2500000000002,1367.2500000000002,0.0,0.009920974201040588
1701,-1398.1635802469132,1398.1635802469132,0.0,0.009920974201040588
1702,-1466.0,1466.0,0.0,0.009920974201040588
1703,-1345.0000000000002,1345.0000000000002,0.0,0.009920974201040588
1704,-1555.0625000000002,1555.0625000000002,0.0,0.009920974201040588
1705,-1245.666666666667,1245.666666666667,0.0,0.009920974201040588
1706,-1466.0000000000005,1465.0000000000005,1.0,0.009920974201040588
1707,-1472.4361968570286,1472.4361968570286,0.0,0.009920974201040588
1708,-1394.8755866156685,1394.8755866156685,0.0,0.009920974201040588
1709,-1580.7215546865227,1580.7215546865227,0.0,0.009920974201040588
1710,-1456.6334635416667,1456.6334635416667,0.0,0.009920974201040588
1711,-1387.6506618923613,1387.6506618923613,0.0,0.009920974201040588
1712,-1363.3831024169926,1363.3831024169926,0.0,0.009920974201040588
1713,-1498.9999999999998,1498.9999999999998,0.0,0.009920974201040588
1714,-1506.1145833333333,1506.1145833333333,0.0,0.009920974201040588
1715,-1534.484375,1534.484375,0.0,0.009920974201040588
1716,-1291.625,1291.625,0.0,0.009920974201040588
1717,-1468.3302444616957,1468.3302444616957,0.0,0.009920974201040588
1718,-1479.8333333333333,1479.8333333333333,0.0,0.009920974201040588
1719,-1326.3958333333333,1326.3958333333333,0.0,0.009920974201040588
1720,-1252.8854166666665,1245.8854166666665,7.0,0.009920974201040588
1721,-1474.1007486979163,1473.1007486979163,1.0,0.009920974201040588
1722,-1353.7291666666667,1348.7291666666667,5.0,0.009920974201040588
1723,-1671.5462962962965,1671.5462962962965,0.0,0.009920974201040588
1724,-1292.9999999999998,1292.9999999999998,0.0,0.009920974201040588
1725,-1498.274154458296,1498.274154458296,0.0,0.009920974201040588
1726,-1322.658203125,1322.658203125,0.0,0.009920974201040588
1727,-1401.8958333333335,1401.8958333333335,0.0,0.009920974201040588
1728,-1334.666666666667,1334.666666666667,0.0,0.009920974201040588
1729,-1408.3333333333335,1408.3333333333335,0.0,0.009920974201040588
1730,-1310.0,1310.0,0.0,0.009920974201040588
1731,-1467.4999999999998,1467.4999999999998,0.0,0.009920974201040588
1732,-1232.9999999999998,1232.9999999999998,0.0,0.009920974201040588
1733,-1733.9999999999998,1733.9999999999998,0.0,0.009920974201040588
1734,-1355.0000000000002,1355.0000000000002,0.0,0.009920974201040588
1735,-1370.25,1370.25,0.0,0.009920974201040588
1736,-1491.5625000000007,1491.5625000000007,0.0,0.009920974201040588
1737,-1552.9999999999995,1552.9999999999995,0.0,0.009920974201040588
1738,-1406.9506172839508,1406.9506172839508,0.0,0.009920974201040588
1739,-1388.9583333333333,1388.9583333333333,0.0,0.009920974201040588
1740,-1347.5937500000002,1347.5937500000002,0.0,0.009920974201040588
1741,-1428.3333333333335,1428.3333333333335,0.0,0.009920974201040588
1742,-1372.795138888889,1372.795138888889,0.0,0.009920974201040588
1743,-1613.0,1613.0,0.0,0.009920974201040588
1744,-1467.8750000000002,1467.8750000000002,0.0,0.009920974201040588
1745,-1376.3489154663926,1376.3489154663926,0.0,0.009920974201040588
1746,-1386.0,1386.0,0.0,0.009920974201040588
1747,-1465.0000000000002,1460.0000000000002,5.0,0.009920974201040588
1748,-1471.0000000000002,1471.0000000000002,0.0,0.009920974201040588
1749,-1344.3749999999998,1344.3749999999998,0.0,0.009920974201040588
1750,-1508.5156250000005,1507.5156250000005,1.0,0.009920974201040588
1751,-1570.9531249999998,1569.9531249999998,1.0,0.009920974201040588
1752,-1437.9999999999998,1437.9999999999998,0.0,0.009920974201040588
1753,-1514.6666666666665,1514.6666666666665,0.0,0.009920974201040588
1754,-1569.7163119845918,1569.7163119845918,0.0,0.009920974201040588
1755,-1405.0833333333333,1405.0833333333333,0.0,0.009920974201040588
1756,-1175.1518621995356,1175.1518621995356,0.0,0.009920974201040588
1757,-1211.9650260077583,1211.9650260077583,0.0,0.009920974201040588
1758,-1282.5,1282.5,0.0,0.009920974201040588
1759,-1214.9999999999995,1214.9999999999995,0.0,0.009920974201040588
1760,-1635.9999999999995,1635.9999999999995,0.0,0.009920974201040588
1761,-1428.7500000000002,1428.7500000000002,0.0,0.009920974201040588
1762,-1364.642361111111,1362.642361111111,2.0,0.009920974201040588
1763,-1517.9999999999993,1517.9999999999993,0.0,0.009920974201040588
1764,-1419.1170287583593,1419.1170287583593,0.0,0.009920974201040588
1765,-1369.0000000000002,1369.0000000000002,0.0,0.009920974201040588
1766,-1412.3750000000002,1412.3750000000002,0.0,0.009920974201040588
1767,-1281.0833333333333,1281.0833333333333,0.0,0.009920974201040588
1768,-1603.9031058652895,1603.9031058652895,0.0,0.009920974201040588
1769,-1510.1562500000002,1510.1562500000002,0.0,0.009920974201040588
1770,-1460.9047208025195,1460.9047208025195,0.0,0.009920974201040588
1771,-1510.194552951389,1510.194552951389,0.0,0.009920974201040588
1772,-1419.0134277343752,1417.0134277343752,2.0,0.009920974201040588
1773,-1476.2325687776417,1476.2325687776417,0.0,0.009920974201040588
1774,-1135.3393328631366,1135.3393328631366,0.0,0.009920974201040588
1775,-1565.0624999999998,1565.0624999999998,0.0,0.009920974201040588
1776,-1386.9088848141507,1386.9088848141507,0.0,0.009920974201040588
1777,-1536.4434407552087,1536.4434407552087,0.0,0.009920974201040588
1778,-1498.8333333333337,1498.8333333333337,0.0,0.009920974201040588
1779,-1416.826171875,1416.826171875,0.0,0.009920974201040588
1780,-1459.8567869084366,1456.8567869084366,3.0,0.009920974201040588
1781,-1494.880859375,1494.880859375,0.0,0.009920974201040588
1782,-1412.0,1412.0,0.0,0.009920974201040588
1783,-1384.7953033447263,1376.7953033447263,8.0,0.009920974201040588
1784,-1430.9693912001228,1428.9693912001228,2.0,0.009920974201040588
1785,-1379.0000000000002,1379.0000000000002,0.0,0.009920974201040588
1786,-1353.171875,1351.171875,2.0,0.009920974201040588
1787,-1619.9999999999998,1619.9999999999998,0.0,0.009920974201040588
1788,-1266.7450361034882,1266.7450361034882,0.0,0.009920974201040588
1789,-1409.9809389467587,1409.9809389467587,0.0,0.009920974201040588
1790,-1310.4999999999998,1310.4999999999998,0.0,0.009920974201040588
1791,-1505.3958333333335,1505.3958333333335,0.0,0.009920974201040588
1792,-1566.0179398148148,1566.0179398148148,0.0,0.009920974201040588
1793,-1446.25,1446.25,0.0,0.009920974201040588
1794,-1542.4857177734375,1542.4857177734375,0.0,0.009920974201040588
1795,-1501.730857849121,1501.730857849121,0.0,0.009920974201040588
1796,-1375.51953125,1373.51953125,2.0,0.009920974201040588
1797,-1334.0,1334.0,0.0,0.009920974201040588
1798,-1429.1388888888887,1429.1388888888887,0.0,0.009920974201040588
1799,-1406.8750000000002,1406.8750000000002,0.0,0.009920974201040588
1800,-1353.7499999999998,1353.7499999999998,0.0,0.009920974201040588
1801,-1461.07927385966,1461.07927385966,0.0,0.009920974201040588
1802,-1334.99609375,1334.99609375,0.0,0.009920974201040588
1803,-1442.7499999999995,1442.7499999999995,0.0,0.009920974201040588
1804,-1580.5000000000005,1580.5000000000005,0.0,0.009920974201040588
1805,-1453.666666666666,1453.666666666666,0.0,0.009920974201040588
1806,-1621.0000000000002,1621.0000000000002,0.0,0.009920974201040588
1807,-1437.498653411865,1437.498653411865,0.0,0.009920974201040588
1808,-1462.8013916015625,1462.8013916015625,0.0,0.009920974201040588
1809,-1376.0,1374.0,2.0,0.009920974201040588
1810,-1183.951388888889,1172.951388888889,11.0,0.009920974201040588
1811,-1374.0000000000002,1374.0000000000002,0.0,0.009920974201040588
1812,-1346.5000000000005,1346.5000000000005,0.0,0.009920974201040588
1813,-1283.0,1283.0,0.0,0.009920974201040588
1814,-1361.5000000000002,1361.5000000000002,0.0,0.009920974201040588
1815,-1431.6666666666667,1431.6666666666667,0.0,0.009920974201040588
1816,-1328.8466796875,1320.8466796875,8.0,0.009920974201040588
1817,-1366.2500000000002,1366.2500000000002,0.0,0.009920974201040588
1818,-1410.8885882342304,1410.8885882342304,0.0,0.009920974201040588
1819,-1345.0,1345.0,0.0,0.009920974201040588
1820,-1135.9531249999998,1135.9531249999998,0.0,0.009920974201040588
1821,-1571.9999999999998,1571.9999999999998,0.0,0.009920974201040588
1822,-1458.958333333333,1458.958333333333,0.0,0.009920974201040588
1823,-1478.1249999999998,1478.1249999999998,0.0,0.009920974201040588
1824,-1350.6874999999998,1350.6874999999998,0.0,0.009920974201040588
1825,-1378.3811035156252,1378.3811035156252,0.0,0.009920974201040588
1826,-1286.814127604167,1286.814127604167,0.0,0.009920974201040588
1827,-1412.0,1412.0,0.0,0.009920974201040588
1828,-1463.0,1463.0,0.0,0.009920974201040588
1829,-1389.9999999999998,1389.9999999999998,0.0,0.009920974201040588
1830,-1543.75,1543.75,0.0,0.009920974201040588
1831,-1337.5729166666665,1333.5729166666665,4.0,0.009920974201040588
1832,-1577.8124999999998,1577.8124999999998,0.0,0.009920974201040588
1833,-1412.5315596969037,1412.5315596969037,0.0,0.009920974201040588
1834,-1303.0000000000002,1302.0000000000002,1.0,0.009920974201040588
1835,-1372.5540364583335,1372.5540364583335,0.0,0.009920974201040588
1836,-1512.5625,1512.5625,0.0,0.009920974201040588
1837,-1284.4202950000763,1284.4202950000763,0.0,0.009920974201040588
1838,-1486.0809461805557,1486.0809461805557,0.0,0.009920974201040588
1839,-1504.3940938313801,1504.3940938313801,0.0,0.009920974201040588
1840,-1328.1249999999998,1328.1249999999998,0.0,0.009920974201040588
1841,-1446.65625,1446.65625,0.0,0.009920974201040588
1842,-1498.0957031250007,1498.0957031250007,0.0,0.009920974201040588
1843,-1494.992031521267,1494.992031521267,0.0,0.009920974201040588
1844,-1535.9542405870234,1535.9542405870234,0.0,0.009920974201040588
1845,-1349.01708984375,1349.01708984375,0.0,0.009920974201040588
1846,-1532.7656249999998,1532.7656249999998,0.0,0.009920974201040588
1847,-1339.8333333333333,1339.8333333333333,0.0,0.009920974201040588
1848,-1532.4288194444434,1532.4288194444434,0.0,0.009920974201040588
1849,-1391.666666666667,1391.666666666667,0.0,0.009920974201040588
1850,-1510.734375,1510.734375,0.0,0.009920974201040588
1851,-1401.0000000000005,1401.0000000000005,0.0,0.009920974201040588
1852,-1401.7669067382812,1401.7669067382812,0.0,0.009920974201040588
1853,-1458.2279324001736,1458.2279324001736,0.0,0.009920974201040588
1854,-1525.6126280802268,1525.6126280802268,0.0,0.009920974201040588
1855,-1513.368417245371,1513.368417245371,0.0,0.009920974201040588
1856,-1255.0,1255.0,0.0,0.009920974201040588
1857,-1397.0937500000002,1397.0937500000002,0.0,0.009920974201040588
1858,-1284.75,1284.75,0.0,0.009920974201040588
1859,-1341.8051343376255,1334.8051343376255,7.0,0.009920974201040588
1860,-1359.75,1359.75,0.0,0.009920974201040588
1861,-1365.0,1365.0,0.0,0.009920974201040588
1862,-1383.0,1383.0,0.0,0.009920974201040588
1863,-1421.6111111111113,1421.6111111111113,0.0,0.009920974201040588
1864,-1453.710069444444,1453.710069444444,0.0,0.009920974201040588
1865,-1462.080729166667,1462.080729166667,0.0,0.009920974201040588
1866,-1238.4114583333335,1238.4114583333335,0.0,0.009920974201040588
1867,-1396.6028391520179,1395.6028391520179,1.0,0.009920974201040588
1868,-1579.333333333333,1579.333333333333,0.0,0.009920974201040588
1869,-1487.5138888888887,1487.5138888888887,0.0,0.009920974201040588
1870,-1592.6562500000002,1592.6562500000002,0.0,0.009920974201040588
1871,-1439.9999999999998,1439.9999999999998,0.0,0.009920974201040588
1872,-1541.9683159722222,1541.9683159722222,0.0,0.009920974201040588
1873,-1458.2654622395828,1458.2654622395828,0.0,0.009920974201040588
1874,-1414.208972344796,1414.208972344796,0.0,0.009920974201040588
1875,-1498.0000000000002,1498.0000000000002,0.0,0.009920974201040588
1876,-1246.9166666666665,1246.9166666666665,0.0,0.009920974201040588
1877,-1245.4140624999998,1245.4140624999998,0.0,0.009920974201040588
1878,-1317.3333333333333,1316.3333333333333,1.0,0.009920974201040588
1879,-1458.0,1458.0,0.0,0.009920974201040588
1880,-1537.239040798611,1537.239040798611,0.0,0.009920974201040588
1881,-1583.5,1583.5,0.0,0.009920974201040588
1882,-1651.9999999999998,1651.9999999999998,0.0,0.009920974201040588
1883,-1484.53125,1484.53125,0.0,0.009920974201040588
1884,-1473.7500000000002,1473.7500000000002,0.0,0.009920974201040588
1885,-1486.5000000000002,1486.5000000000002,0.0,0.009920974201040588
1886,-1214.8096809266979,1214.8096809266979,0.0,0.009920974201040588
1887,-1446.624346697772,1446.624346697772,0.0,0.009920974201040588
1888,-1445.5670318603518,1445.5670318603518,0.0,0.009920974201040588
1889,-1448.0,1448.0,0.0,0.009920974201040588
1890,-1467.5595334299965,1465.5595334299965,2.0,0.009920974201040588
1891,-1437.5807291666667,1437.5807291666667,0.0,0.009920974201040588
1892,-1529.1757812499998,1529.1757812499998,0.0,0.009920974201040588
1893,-1607.9999999999995,1607.9999999999995,0.0,0.009920974201040588
1894,-1515.8648049036663,1504.8648049036665,11.0,0.009920974201040588
1895,-1596.189814814815,1596.189814814815,0.0,0.009920974201040588
1896,-1465.0000000000007,1465.0000000000007,0.0,0.009920974201040588
1897,-1515.4153163580247,1512.4153163580247,3.0,0.009920974201040588
1898,-1303.1944444444441,1302.1944444444441,1.0,0.009920974201040588
1899,-1613.0000000000002,1613.0000000000002,0.0,0.009920974201040588
1900,-1292.8333333333333,1292.8333333333333,0.0,0.009920974201040588
1901,-1384.2500000000005,1382.2500000000005,2.0,0.009920974201040588
1902,-1454.43359375,1454.43359375,0.0,0.009920974201040588
1903,-1655.5625,1655.5625,0.0,0.009920974201040588
1904,-1532.7500000000005,1527.7500000000005,5.0,0.009920974201040588
1905,-1365.8930121527778,1365.8930121527778,0.0,0.009920974201040588
1906,-1554.0012717776829,1554.0012717776829,0.0,0.009920974201040588
1907,-1351.7412109375,1351.7412109375,0.0,0.009920974201040588
1908,-1520.5000000000002,1520.5000000000002,0.0,0.009920974201040588
1909,-1442.8403188466048,1442.8403188466048,0.0,0.009920974201040588
1910,-1409.4982638888887,1409.4982638888887,0.0,0.009920974201040588
1911,-1499.0000000000002,1499.0000000000002,0.0,0.009920974201040588
1912,-1441.3134765625,1441.3134765625,0.0,0.009920974201040588
1913,-1346.7499999999993,1346.7499999999993,0.0,0.009920974201040588
1914,-1575.0,1575.0,0.0,0.009920974201040588
1915,-1335.1249999999998,1334.1249999999998,1.0,0.009920974201040588
1916,-1372.3125,1372.3125,0.0,0.009920974201040588
1917,-1562.0,1562.0,0.0,0.009920974201040588
1918,-1558.6666666666667,1558.6666666666667,0.0,0.009920974201040588
1919,-1319.9236111111109,1319.9236111111109,0.0,0.009920974201040588
1920,-1392.5,1392.5,0.0,0.009920974201040588
1921,-1444.0260416666672,1444.0260416666672,0.0,0.009920974201040588
1922,-1504.0000000000002,1504.0000000000002,0.0,0.009920974201040588
1923,-1462.0,1462.0,0.0,0.009920974201040588
1924,-1585.91015625,1585.91015625,0.0,0.009920974201040588
1925,-1494.6733041251152,1494.6733041251152,0.0,0.009920974201040588
1926,-1343.9999999999998,1343.9999999999998,0.0,0.009920974201040588
1927,-1425.9999999999998,1425.9999999999998,0.0,0.009920974201040588
1928,-1438.75,1438.75,0.0,0.009920974201040588
1929,-1552.833333333333,1552.833333333333,0.0,0.009920974201040588
1930,-1396.4806857638891,1396.4806857638891,0.0,0.009920974201040588
1931,-1304.3093171296296,1304.3093171296296,0.0,0.009920974201040588
1932,-1379.9999999999998,1379.9999999999998,0.0,0.009920974201040588
1933,-1466.6249999999995,1466.6249999999995,0.0,0.009920974201040588
1934,-1516.375,1516.375,0.0,0.009920974201040588
1935,-1366.9999999999998,1366.9999999999998,0.0,0.009920974201040588
1936,-1692.2499999999993,1692.2499999999993,0.0,0.009920974201040588
1937,-1400.0000000000002,1400.0000000000002,0.0,0.009920974201040588
1938,-1494.734375,1494.734375,0.0,0.009920974201040588
1939,-1286.7265625000005,1286.7265625000005,0.0,0.009920974201040588
1940,-1536.5416666666663,1536.5416666666663,0.0,0.009920974201040588
1941,-1316.25,1316.25,0.0,0.009920974201040588
1942,-1509.828125,1509.828125,0.0,0.009920974201040588
1943,-1391.3680555555557,1391.3680555555557,0.0,0.009920974201040588
1944,-1202.2500000000002,1202.2500000000002,0.0,0.009920974201040588
1945,-1334.7015547389205,1334.7015547389205,0.0,0.009920974201040588
1946,-1467.3749999999998,1467.3749999999998,0.0,0.009920974201040588
1947,-1397.2499999999998,1397.2499999999998,0.0,0.009920974201040588
1948,-1379.833333333333,1379.833333333333,0.0,0.009920974201040588
1949,-1564.25,1564.25,0.0,0.009920974201040588
1950,-1398.0000000000002,1398.0000000000002,0.0,0.009920974201040588
1951,-1543.9999999999998,1543.9999999999998,0.0,0.009920974201040588
1952,-1321.5416666666665,1321.5416666666665,0.0,0.009920974201040588
1953,-1390.7500000000002,1390.7500000000002,0.0,0.009920974201040588
1954,-1580.875,1580.875,0.0,0.009920974201040588
1955,-1312.6249999999998,1312.6249999999998,0.0,0.009920974201040588
1956,-1387.888888888889,1387.888888888889,0.0,0.009920974201040588
1957,-1334.109538325557,1334.109538325557,0.0,0.009920974201040588
1958,-1238.1831819824722,1238.1831819824722,0.0,0.009920974201040588
1959,-1349.6265432098764,1349.6265432098764,0.0,0.009920974201040588
1960,-1281.625,1281.625,0.0,0.009920974201040588
1961,-1580.564814814815,1579.564814814815,1.0,0.009920974201040588
1962,-1560.0,1560.0,0.0,0.009920974201040588
1963,-1401.470716688368,1400.470716688368,1.0,0.009920974201040588
1964,-1495.5681307757343,1491.5681307757343,4.0,0.009920974201040588
1965,-1436.3090277777776,1436.3090277777776,0.0,0.009920974201040588
1966,-1515.0,1515.0,0.0,0.009920974201040588
1967,-1595.75,1594.75,1.0,0.009920974201040588
1968,-1342.4765624999995,1342.4765624999995,0.0,0.009920974201040588
1969,-1373.125,1373.125,0.0,0.009920974201040588
1970,-1392.9714546360594,1392.9714546360594,0.0,0.009920974201040588
1971,-1342.6666666666665,1342.6666666666665,0.0,0.009920974201040588
1972,-1535.395833333333,1535.395833333333,0.0,0.009920974201040588
1973,-1347.2744140625002,1347.2744140625002,0.0,0.009920974201040588
1974,-1509.5555555555559,1509.5555555555559,0.0,0.009920974201040588
1975,-1200.9375000000005,1200.9375000000005,0.0,0.009920974201040588
1976,-1453.490451388889,1453.490451388889,0.0,0.009920974201040588
1977,-1510.25,1510.25,0.0,0.009920974201040588
1978,-1409.7460867210677,1409.7460867210677,0.0,0.009920974201040588
1979,-1387.45263671875,1387.45263671875,0.0,0.009920974201040588
1980,-1538.5351562499995,1538.5351562499995,0.0,0.009920974201040588
1981,-1484.0,1484.0,0.0,0.009920974201040588
1982,-1361.5319010416667,1361.5319010416667,0.0,0.009920974201040588
1983,-1412.3125,1412.3125,0.0,0.009920974201040588
1984,-1379.0,1379.0,0.0,0.009920974201040588
1985,-1362.25,1362.25,0.0,0.009920974201040588
1986,-1063.4999999999995,1063.4999999999995,0.0,0.009920974201040588
1987,-1495.880787037037,1495.880787037037,0.0,0.009920974201040588
1988,-1400.4296875,1400.4296875,0.0,0.009920974201040588
1989,-1532.0000000000002,1532.0000000000002,0.0,0.009920974201040588
1990,-1375.6250000000011,1375.6250000000011,0.0,0.009920974201040588
1991,-1362.2499999999998,1362.2499999999998,0.0,0.009920974201040588
1992,-1479.1510416666665,1479.1510416666665,0.0,0.009920974201040588
1993,-1415.2500000000005,1415.2500000000005,0.0,0.009920974201040588
1994,-1363.7006564670137,1363.7006564670137,0.0,0.009920974201040588
1995,-1248.1317635995374,1248.1317635995374,0.0,0.009920974201040588
1996,-1504.2499999999998,1504.2499999999998,0.0,0.009920974201040588
1997,-1414.5861002604167,1414.5861002604167,0.0,0.009920974201040588
1998,-1379.9999999999998,1379.9999999999998,0.0,0.009920974201040588
1999,-1243.7708333333326,1243.7708333333326,0.0,0.009920974201040588
2000,-1389.7916666666665,1389.7916666666665,0.0,0.009920974201040588
